index,species,name,EC number,sequence
SPC_1,Heimdallarchaeota,Asgard_Ca_Heimdallarchaeota_archaeon_B3Heim_PWI46713.1,1.2.7.11,MGTESQRYDKKLFKANLKPNWCPGCGDYGLLSASTKALSKLKFQPSNVVFISGIGCSSSFPHWTNAYGIHMVHGRALPTATGVKMVNPELTVIAVGGDGDGYGIGIGHFIHSARRNLDITYMVMNNQIYGLTMGQSSPSSQLGLVTLTAPQGVDELPINPLALSLGAGASFVARGFSGDRKHLQVIIEKALNHNGFSFIDVLSPCITFNKLNTYEWFRKRVYKLDENHDQTDIEAAFAKSQEGNGRIPIGIFYKSERPSLHDLDPVTKNKIPVKEPLGFKAQGIDVQEVFDDFR 
SPC_2,Heimdallarchaeota,Asgard_Ca_Heimdallarchaeota_archaeon_B3Heim_PWI47237.1,1.2.1.59,MAKNMANVGVVGYGVIGKRVADAVAAQSDMKLVGVADIISDVRLRIAVERKYPIYCSVADFEPKMREAGFEIVGYLDDMVKQCDMVIDCTPSGVPQQNFPLYEAENVKSIVQGGEKHGLINRSFSTFGNYYSHLGVDKTRVVSCNTTALTRIISTLAHTYGVSDAFVALARRAGDPARTNRGPINAITPVLGVSHHGPDLVTVMPHFQDKIHSLAIAGSWTLSHVHMLKVTLESSPSRDDVIALFKRTPRILIEPGKHGLFDSAQLVEYFRDLGRPRYDRPEVFIWQETLSTDAKNNLYLIYDVHMESIPIPENVDAIRAMLEMESSAIKSVEKTDKALNIDQKGAYSHSLYGETEPQVSQNTTG
SPC_3,Heimdallarchaeota,Asgard_Ca_Heimdallarchaeota_archaeon_B3Heim_PWI47748.1,2.7.1.40,MVTTKIVATIGPASDNILVLKDLLKYVDVCRLNFSHGAYPDHLERYERIRSVSKDVAVLVDLCGPKIRTGDVEKDTFLNTGQEFRISGKIGLEGNSQIVSTNYPPLIIDAKIGNHLAIDDGLLQFRILKKDAKKNELICEVLNGGVLKSRKGINAPDVPLSIYFPTQKDFDDIRFVLRKFDQPADYLAASFVRRKEDILVVREKLDEANSSMNIISKIENQDGLQNFDEILEVSDGIMVARGDLGIEIPSEKVPIVQKQIIAKCNKASKPVIVATQMLESMTINPRPTRAEVSDVSNAIMDGADAVMLSGETAIGKFPVETVGYMERIINEIGQNLHLISTEPSWTTDSPNIPEVLGRAVHLISDASSLGINAIVTSTRSGSTTRMIAKCRPEKKIIAGTPYETVKRQLQLVWGVYPLCVKVTPSYDELLYEIVLAATEQQMLDAKDTILAVGGSMLGFPSKTNQLQILNVEDILLFGQQL
SPC_4,Heimdallarchaeota,Asgard_Ca_Heimdallarchaeota_archaeon_B3Heim_PWI47852.1,5.3.1.1,MRRIVIGGNWKMQITSNNEAVRIADDIAQGLSTMSNVDVFIAPSFTELYSVSKAIKDTHLMLAGQNMYYHEKGAFTGQISVLSLKELCQFVILGHSEPRRIFGETDDLIRLKLLKALESGLTPVLCLGETAKEREGGKAQEILHQQLAGSLKGLEINQMKEIVIAYEPVWAINNKFLNPDTKIRPATPVEANEAHTIIREWLNNEFGAPTAEEISIIYGGSMNAQNAKELLNLEQIDGGLIGGASLSAEKFLPIIRIAAQLSENQSADYRWENNTLRFDE
SPC_5,Heimdallarchaeota,Asgard_Ca_Heimdallarchaeota_archaeon_B3Heim_PWI48189.1,4.2.1.11,MRSKFQLKVKKLHAREIFDSRGNPTVEVECHLEQGVVTRGMVPSGASTGIHEALELRDGGTRLMGKSVSKAVNNVNQLASQLVGRNPENQTEIDQFLLELDGTDNKSKLGANAILGVSMAICKAGAVSKNVPLFQHLGDLHGNSDFYLPVPSLNVINGGEHGGNDIAFQEYMLMPIEAQSFKEGLSIGVEVYHKLKSIIKKKYGVNAINVGDEGGFAPPLNKVEEPLKLLIAAIDEAGHTGKFQIALDPAASEFYSNGKYLVDGESLEADEFINVYEGFIEKYPIISIEDAFDQDDWETFQKFTHRNGDKLQIVGDDLLVTNVNRIQMAIDKKACNALLLKVNQIGSITESIQAAKLSQDNGWGIMVSHRSGETEDSFIADLVVGLKTGQIKTGAPCRSERLAKYNQLIRIEEMLGDKAKYAGKNFRSL
SPC_6,Heimdallarchaeota,Asgard_Ca_Heimdallarchaeota_archaeon_B3Heim_PWI48202.1,1.2.7.11,MDTSIYDMPHETDVAWCPGCGNFSILKIVKQALTELDIKPEKLVMASGIGQAAKTPHYLKTNVFNGLHGRAVAAAMAVKAANPELTVIVESGDGCSFGEGGNHFIHNILRNPNITHLAHDNMVYGLTKGQASPTSQFGFITPVQVQGVTNEPFNPLALAIALDAAFVARVSIADQEKSFEVIKQAISFKGYSFVDILQPCVSFNKINTWKWFRENVYYLEESYDPKNRTEAFKRATEKGKLPLGVFYKNEKPTFEDYLPVYKTNKDPLFKREANLPQLQKLIDSMRQ
SPC_7,Prometheoarchaeum syntrophicum,Asgard_Ca_Prometheoarchaeum_syntrophicum_MKD1_QEE14264.1,4.2.1.11,MDFTIKKIKARWILDSRGNPTVECDMWAGNTFVRAAVPSGASTGEAEAVELRDGDPKKFAGKGVLKAVSNVNKEISKIVVGMNCDDQENIDNAMIKADGTDNKGNFGANAILSVSMCALKAAAKIKNQALYEYVYELAHGKKADKYLLPIPSSNVLNGGKHAGGNLAPQEFMIQAIGAPNFSEALRITAEVYHMMKKVIREKYGATSVNVGDEGGFAPALNTTEEALNIIMESIKAAGYVPGKDVILAMDPAAAEFYDKENNIYNIDGKKLTPTELINFWAALVDKYPIKSIEDPFDEEAFEDFAALTKKVKGKCQIITDDLTVTNVVRLQKAINIGAGDSLLLKINQIGSISEAIAACKMAYENNYTVMVSHRSGETSDNTIADIVVGLCTGQIKSGAPCRSDRLSKYNQILRIEEELGEKANFPKSYEDYKSYQ
SPC_8,Prometheoarchaeum syntrophicum,Asgard_Ca_Prometheoarchaeum_syntrophicum_MKD1_QEE15287.1,1.2.7.11,MEINKIDENSYDMACEKAWCPGCGHFTAQKLLRQALAELKIPNEQLVFVSGIGQAAKLPQYTKGHMFNGLHGRALPAAMAIKACNPKLTVIVNSGDGCSYGEGGNHFLAQIARNVNITQMVHNNMIYGLTKGQASPTSLKGMKTPVQVSGVTNEPFNPLAVAIAMGATFIARIFAGNKTQAREIIKQAIQHKGYALVDTLVQCVSMNKLNTFKWYKENTYELDESHDIHDQKAAFAKALETGKYPTGIFYKVEDRPTFSEASVAYKTDKSPLYTRNLDMNKLEKLIISKRKR
SPC_9,Prometheoarchaeum syntrophicum,Asgard_Ca_Prometheoarchaeum_syntrophicum_MKD1_QEE16088.1,1.2.1.59,MVKKIGINGFGRIGRLFFRLAWKNPELEIVAINDLTPPKVTAHLLKYDSVYRKFEGTIEAKEKSIVVDGKEIPVYAIRDPAEIPWENHGVEIVYESTGFFRKREGYSKHLKHEGVRLVFVSAPADKDISCTIVYGVNNEAYKKGEHDAVSGASCTTNCLAPVVKILNDKWGVEKGTMTTIHAYTNDQRILDFPHSKLRRARAAAVNLIPTTTGAAAAIGLVLPELAGKLDGIAVRAPVPDGSLVDLTVQLKNPATVEEINAAMKAASEGELKGILGYTEDPIVSSDIIGETHGSIFDAGMTRVLGDTWVKVLSWYDNEASFTNQSIKLIAEFL
SPC_10,Prometheoarchaeum syntrophicum,Asgard_Ca_Prometheoarchaeum_syntrophicum_MKD1_QEE16093.1,2.7.2.3,MPEIRFKNITDLDIKGKKILVRADINSSIDLEKNEIRSDPRIKALVPTLEALKDAAVVLIAHQSRFGKPDCIDLKLHAELLNKYLGGTVKFVKDLFGEEAIAAIKALQPGEVLVLNNVRLWEIETKVKSIEEAEQTELIAKLTPLFDYFVNDAFGAAHRAHVSLVGWPKICAGPVVKRELEMVQSLFNPKKPSVWLVGGAKAYDKFLAVKFNLEEGNIDKALICGLTAILMLEAKGIDMGEPNRKFIAEDLDKHRAEIAETCEKFKDSIILPEDMAYEEDGKRKEIDTNQVGSISKSTGDIGSKSIATFKEILKSAATIVANGPPGIFEKEVFKQSSFEIVEAMAEAAKQGAFVCIGGGDMGAVAEMSGHGDKIYISTGGGALLRILSGKDLPLLKVLREKMP
SPC_11,Prometheoarchaeum syntrophicum,Asgard_Ca_Prometheoarchaeum_syntrophicum_MKD1_QEE16246.1,5.3.1.1,MQILNVEEAVSIATELATTISGILTETVDVFIAPSFNALYSVGQAIKGTKLKLAGQNMYFRDKGAFTGEISPDSLLDAGCEYVILGHSERRRIFGESDAVINQKVKKALEKGLKPVLCIGETAKEKEEGHTETVLRTQIDESMADIPREQLNLITIAYEPVWAINNKFLNPNSEIKTATPEEAEKNHIFIRKLLINKFGDEGKNILIQYGGSMKASNCEGLLNIGEINGGLIGGASLSAEKLKPIIEAAVKLGK
SPC_12,Prometheoarchaeum syntrophicum,Asgard_Ca_Prometheoarchaeum_syntrophicum_MKD1_QEE16277.1,2.7.1.40,MKSFEILEKLVKSKIVTTLGPASSSEEMLLKLRDQGVDVFRINMSHASKGGKEVKQLFNRIRKVTPELAILMDIQGPKIRIGEIEGVVILKHGDTFRLFEKTIVGNKEQASISYKGFLTDIQIGNFIFINDGLVRLKVISKNMDEGYLQTEVIAGGPISSRKGVNIPSGALSTKNPTDKDIHDLKLIASLIPEYLAASFIANASEVKTIRAMLDNAGAPSVKIISKIERPIALDNFDEILAVSDGIMVARGDLGVEIPAEEVPIRQKEMIMKCNRASKPVIVATQMLESMINNPVPTRAEVNDVFNAVYDRSDAVMLSGETSVGKFPLEAVKYMDKIICKAEKYIPIINPNVVDSEDPEMYEAVGHAVYLLAENFKDMNYRGKIVMFTGGGKSTRKAAKYRPAFPILAITNKKTTARQLNLIWGVHPYLIKDLKFDEWSSEEIMQNGIKALVEYGILELREHVICTIPSRISPVRCSIMGLYYVEDILRDIEIETKEYIPDFK
SPC_13,Prometheoarchaeum syntrophicum,Asgard_Ca_Prometheoarchaeum_syntrophicum_MKD1_QEE17059.1,1.2.7.11,MSYSAPRGKENITPHPYGKATQMFKLMGFPFTMFCKGCGYGSVAQAICRVYTEEKLQEELYPFIVNIGCYSSMPTVLPGKILMTLHGRGIAVATGVKMANPNIKPISIHGDGDLLSIGTNHFIHGARRNIDMIVILLNNNIYGMTGGQHAPTTPMGSKTSTTPRRYGEQPIDAVELAKVAGATYVARWTTNTMREFMKSFKKAIHRKGFSFIEIVSQCPTQYGSKNALPKALDGFNFIKNNSVRINKAKDMSPDELKGKYIIGEHLEIDRPTLWDRKSELIEKAKE
SPC_14,Altiarchaeales,DPANN_Altiarchaeales_CG2_30_32_3053_MNZY01000001.1_6,4.2.1.11,MEKIKSVKAREILDSRGNPTVEVEITLDSGIKARSDVPSGVSTGTYEALELRDNDRQRYKGKGVLKATANVHNIIAPKITGMEINENLDAPGKFDEMMLNLDGTENKSKLGANAILGVSMAIAKVSAMSLNLPLYKYFNRDSKILPVPMMNILNGGTHANWQSTDFQEFMIVPWGAKNFAESLRYGAEIYHELKGLLKAKNFSTSVGDEGGFVVNVKSNEEPINLIIKAIENAGYEYYKDVGIGLDVAASGFYKDKDGKYELTRENLRLTSDEMIEKYEYLIKGYKILSVEDGLAEDDWEGWQKMNKKIGNKVTLIGDDLFVTNIERLERGIKEKSANAVLIKLNQIGTVSETMSAVNLAHKTNWKTIISHRSGETADTFIADFCVGMNIKLIKTGAPCRSERVEKYNQLIRIEEELGNKREFAGKEAFK
SPC_15,Altiarchaeales,DPANN_Altiarchaeales_CG2_30_32_3053_MNZY01000010.1_5,5.4.2.12,MKYIVILGDGMSDYPVDELNSRTPLQVAKKPNMDFIAKKGVSGMLKTIQDGFEPGSDVANLSVLGYDVRKCHTGRAPIEAANMGINLSNDEVAFRCNFFTEECGILKDYCAGHITSGEGKILIDLLNKKFSDELKAINGKFYAGVSYRNIFVCKVKDAKSKNFVCQPPHNIVGAEIEKNLITVKNDNKDNKDNKSNKDNKSNKDNKDKEINLNSHPSDISNAGLEIAKKLNHLMLKSWEILEKSEINRKREREGKNKANMIWFWGQGKKPKMEEFKAKYNLKGAIISAVDLIKGIGKLAGMDVIEVKGATGLWDTNYDGKAMACIKALDDHDFVYVHVEATDEAGHLGDINLKILSIENLDKMAGKILQEIKNKGIEAKIAILPDHATPIKVKTHTTDLVPFAIYSTKSKDEKDKDEVEKFDEFACRNGRYGKGVENFMEILLED
SPC_16,Altiarchaeales,DPANN_Altiarchaeales_CG2_30_32_3053_MNZY01000016.1_1,2.7.2.3,TVFVRVDLNCPIKNGRIEDDRRIILHAETVKELIKRNAKIILLSHQGRPADDKRSAEDFITLEEHAKRLGKILKNDKVKTYIEYVEDIFGVYAREKIKNLKNGEVILLENVRFYTEENTNRPRDAQAKTYLVKKMYPLADYFINDAFSVSHRSQPSVVGFTCVLPSLGGPLIIKELEALKTVRENSKRPLTFILAGAKLDDTFKMLQNKLNIIDYVLTGGIIANIFLMAKNYDLGDESTNYIKGKGGNNFVPGARSLLERFSDKILLPDDVAVLEGGKRKEIPVSELPTKYPIFDIGTRTIENYKKIIARSGTIFAHATMGKIEDERFKKGTDEIIRAVGNSDAFTVIGGGHTIGAAANLGVERKIRHVCTGGGAAVLYIAGEKLVGVDALREAWKVKKDLGADK
SPC_17,Altiarchaeales,DPANN_Altiarchaeales_CG2_30_32_3053_MNZY01000071.1_7,5.4.2.12,MQQTKIVLIICDGMADRPDREHNNKTPLEVASKPNMDKIARDGICGIMNPIGYGIPPGSNTAHLALLGYNPYEYYTGRGPFEALGAGLNLGKDDIAFRCNFATAEKKNNKIFITDRRAGRGEFGMKELGKLLNFRTDDADVVFKASSGHRGVLVLRGKNLSEKISDSDPHSEGEIKEVRPLDDSDAAKRTAQILNKFTERCYEILNRSEIQSERINKGMLPANIILARGAGKTGEIPKFNEKYGLNGACIAGVTLVKGVGRSVGLNIIDVSSATGHADSNIEGKIDACIKELKENRHDFILINIKGTDEISHDGDFEGKVEMIERIDKVLGKLLLSVSENNLNTTIALTADHTTSVTVKEHSGDTVPIAILGDVRTDEICKFSERECAKGGLGVIKGTDLLNILMDLSRRGKKFGA
SPC_18,Altiarchaeales,DPANN_Altiarchaeales_CG2_30_32_3053_MNZY01000135.1_22,5.3.1.1,MKVFLNFKTYETTTGQNAINLAKICNKYQKEVVVIPQTTDIYPISRMVKNKVFAQHADNIKFGSCTGFILPESVKEAGASGCLINHSEHLLKLADIETLVEKMRNLNLISVVCTNNVAVSVSSAALNPDFIAIEPPELIGSGKAVSNENPKIITDTIKDVRKINGRVKILCGAGISNGKDVRAAIKLGVDGVLLASAFTNAKNPEIVLDDMVSGID
SPC_19,Altiarchaeales,DPANN_Altiarchaeales_CG2_30_32_3053_MNZY01000199.1_11,1.2.1.59,MAKIKIGINGFGRIGRMIFRAGMGEENKNDVEFVAANDLTDAKTLAHLLKYDSVHGKFKGEVSVDKNSLIIDGQRLNVFAEKDPASINWDKYDVDVVIESTGRFTKREDAAKHLAHTKKVIVSAPSPNADATIVMGVNEDMYNPEKHDILSNASCTTNCLAPVAKILLENFGIKKGFMTTIHAYTNDQIILDTVHKDLRRARAAGLSMIPTTTGAAKAIGSVIPELSGKMDGFALRVPTPDVSIVDLVVVTEKETNTKEVNEKFINASKNELKGILAASSEPLVSVDYIGNPYSAIVDLALTNVNGNLVKVLAWYDNEWGYSNRMIDLAKFISNKK
SPC_20,Altiarchaeales,DPANN_Altiarchaeales_CG2_30_32_3053_MNZY01000226.1_2,1.2.1.59,MSKIKVGVIGTGTIGHRVIAYGARQKDIKICGVSKTTPNDVYNTTAMLWKLGIPIYVSSRIGKDGLNKSLEEFRNYFNKVKDKEKIYGDVNELVPGTIADLTDESEVIVDTSAGTINKMSVPEYNKKEFYIPHNEQSGRKIKVIFQGGEKSDIGKISFNAAVNYDEATEVGKSDEPYIRQVSCNTTALSRILYAFLENYVINRVYVVIVRRSTDPGEESKNILNDIYLGEHLPSHHGPDVEEVFKNYKNFKNLLDKQILTSTIKVTTDQMHAHDITLTFPVSAPYGEENCPTKEKFIEICKNSILKNRIALDESVIHTSRLREFVRRKERMLYMKDKIFPNCGDMFAVTTGLNSFAFIKRTTVYGDKWIHLKLQTAVHQEAIVIPDTIDAIRALCYDKLLFSRDDSIKMTDESLGMCE
SPC_21,Diapherotrites,DPANN_Diapherotrites_CG_4_10_14_0_2_um_filter_31_5_PFQC01000020.1_4,5.3.1.1,MFVAGNWKMNKTVKETKDFFNEFNKLVSKTKNEILICPSFPCIPAAKQFASKKVFIGAQDAFFEEKGEFTGKVSFLQLKDFCDFVLLGHSDQRHKFSESNQSINKKIKTALKFNFNVILCVGETLEEKEEEKTNLVLSEQLSDSLKGIFFNSKLFVAYEPVWVIGTGKTAKQNDVFEAHSFIRSQLTELFGEKANSTKILYGGSVKPENCKEIFSIKNVDGVLVGGASLNPKTFAQIANTAK
SPC_22,Diapherotrites,DPANN_Diapherotrites_CG_4_10_14_0_2_um_filter_31_5_PFQC01000065.1_1,2.7.2.3,HQGRKGQEDFVSLKNHLPLLEKLIGKKIFFSTWAEDFKKKISSLKEGEILLMENTRFLDFESEEKTPEEHSKQPLIKDLALVSDAFVLDALSVSHRSHASVVGFIPLLPSYSGPVLDAEITNLDKALNFQEHPRLLFLGGAKPEDSLKTLSFFLKENKTDKVLVSGIFGELFLVALGKKFGKKDEFFESKGFFSLLPEIKGLYEKFREKIVLPKDFALDKNGKKANISVEQLPLDFISKDIGEKTIQDFSKEISKAKLIVFNGPPGVFEEKAFSLGTKAILKAMSESSAFTFLGGGDTGTALESLGFSSKQFSFVSLSGKASLNYLSGKKLVAVEELKKAKLELK
SPC_23,Diapherotrites,DPANN_Diapherotrites_CG_4_10_14_0_2_um_filter_31_5_PFQC01000198.1_2,4.2.1.11,GAKSFFEAMQMSTEIYHSLKALMKKKFGYSAGLIGDEGGFVSSEKDEEKKLELILNAVEETGYSGKVELAIDPASTEFYKNGKYFLGNKIFSAGELVDFYSELAEKFNIYSIEDGMAEEDWKGWNELNEALGNKYQIVGDDLLVTNIKFIERAIKENSCNSLLLKVNQIGSVSESIDSALLAFKNSWTVVVSHRSGETEDSFIADLVVGLGTGQSKFGAPARSDRNAKYNQLLRIEDSMKNSVYGKR
SPC_24,Woesearchaeota,DPANN_Woesearchaeota_CG1_02_33_12_OIO61514.1,4.2.1.11,MVKNTHIKAREVLDSRGNPTVEAEIVLNNHIIRAIVASGASTGKYEALELRDKDKRYNGKGVLKAVKNVSRISDALKGISLTKQKEIDEKIIKLDGTKNKTMLGANAMLAASMACLRAGALLKKKPLYQYISEISGRKPSIPIPFCNVINGGKHADNKLKMQEFMIVPVGLKSFSEATMIISETYHALKEIISKRYGMSGVGDEGGFAPKIDNAFEALDLITKAIEKSGHEKYVKIALDPAASEFYENRKYVIEKNFTGMVMVDYYTNLVKKYPIISIEDPFDQDDFESYAELTRKMGSKIQIVGDDLLVTNSERIRKAVDLKLCNALLLKPNQIGTVTEAIDAANLAFKSGWNVMVSHRSGETEDAFIADLATGLGCGQIKLGAPCRGERTCKYNQLIRIEEQLGKNAYARWKNH
SPC_25,Woesearchaeota,DPANN_Woesearchaeota_CG1_02_33_12_OIO63476.1,2.7.2.3,MIQTIKNIDVKNKKVLVRVDFNVPMDDDGDITEDERIVAVIPTINFLLEKDAKIILMSHLGRPEGQVVEKLRMGKIAKKLGELLDKEVIKLDDCIGQKVKEKINKMKTKEIILLENLRFHAEEENNDEKFAKELASLAEVYVNDAFSNSHRNHASMTGITKFLPSYAGLLLEKEIRVLSSVMKNPEKPFVAIIGGAKPDKIEVIRNLLMFADKIIIGGVLANTFLKAMGANIGKSKFDPESLNDAKSLLSQSGGKIILPVDLFVAKSIEKGENSRVVKINKITDECMIGDIGPDTIALYKKTLMGAKTVVWSGPIGAFEFEKFSEGTNEIALFLSGLKAKVIIGGGDSAVAIKQLGLESEITYISTGGGAFLQFLSGKKLPAINALEESAS
SPC_26,Woesearchaeota,DPANN_Woesearchaeota_CG1_02_33_12_OIO63478.1,1.2.1.59,MIRVAINGFGRIGRLVFRAGMKRKGIEFVAINDLTDAKTLAYLLKYDSVHGILDADIKAKGNSIVVNGKEIKIFSEKEPENLPWKKLKIDVVVESTGIFITKEGAEKHLKAGAKKVLISAPAKGDNPIKTIVIGVNEKDYDRKKDDIISLASCTTNCLAPVVKVLNDNFGIEKGFMTTVHAYTNDQKILDLPHKDLRRARAAAMSIIPTTTGAAKAVTLTIPELKGKLDGMAMRVPVADGSITDFVAVLKKEATAEEINKLFRSASEKSLKGILQYTEEPIVSIDIVGNPHSAIFDSELTKTSGNLVKVVAWYDNEWGYSNRMVDFIKMIV
SPC_27,Hadesarchaea,Eury_Ca_Hadesarchaea_archaeon_B3Hades_TKJ24583.1,5.4.2.12,MKFIIVVGDGMADYPLEELGGKTPLQVADKPNMDWIASHGKNGLLKTVPRGMQPDSDIAIMSILGYNPRKYHTGRGPLEAAGTGVELGKEDLAFRCNLITEERGIIADYSAGHITTGEARELISAVKGAYGRLGDFYAGVGYRHLFVMRNAPRGSDKLKTAPPHEIIGERLSEHLVKPKNSEVAKILNGMILGSKQILSNHPTNIARVKRRMKPANMIWVWGQGKKPRMETLVEKYGIKGAIVSAVNLVKGIGVCAGMSKLEVPGATGYYDTNYENKAKFGLKALRDHDLVFIHVEAPDEAGHAGDVERKIEAIENIDSRLLGKILDGLKDEYAISILADHLTPIKVRIHVPDHVPFAIYSTRDQKDAVKSFDEFSAKRGSFGILEGYKLMDKLPQL
SPC_28,Hadesarchaea,Eury_Ca_Hadesarchaea_archaeon_B3Hades_TKJ24987.1,2.7.2.3,MEFPTLDGVDVKGKTVLVRVDINSPLDPNTGEILDDTRIRECAPTLKELAHKGAKVVIMAHQGRPGDKDFTTLEKHAKKLTEAVGMGVIYLADVFGPLVKSKIKLMHPGEILLLDNVRLCAEENLNRPMEEQAKTHFVRALAPLVQLYVNDAFGAAHRSQPSLVGFSALLPTYAGRLMERELKALSRALSPERPCVYVLGGVKVDDSLDIIENVLGKGIADSVLTGGLVGQTFLAASGRNLGGSNLELLKQKGLEKEIKRAKRLLDAHGD
SPC_29,Hadesarchaea,Eury_Ca_Hadesarchaea_archaeon_B3Hades_TKJ24988.1,1.2.1.59,MRVAINGFGRIGRVFYRASLKRPRKFECVAVNDLSDINTVAHLLKYDSVFRKLDVEVTVEDGAIVVGKERLKYLSERDPAKLPWKELGVDLVIESTGVFRDREGASKHLQAGAKKVLISAPAKNPDVTVVPGVNHKNYDPQKHHIISLASCTTNCLAPMMKVLDEKFEVEKAFMTTAHAYTNDQRLLDLVHKDLRRSRAAALSIIATTTGAAKATGLVLPSVKGKMDGIALRVPIPDVSVVDLVALLKKNTTAEEVNSALKAAAEGELKGILQCVDEPLVSIDFTGNSHSSIVDCALTNVVGENLVKVIAWYDNEWGYSCRLVDMANLIAEHL
SPC_30,Hadesarchaea,Eury_Ca_Hadesarchaea_archaeon_B3Hades_TKJ26723.1,4.2.1.11,MGVKIKTTFRIKKVKAREVLDGRGDPTVEVDVLTEGGVLGRADVPSGRSTGKYEAFELRDGGSRYQGKGVLKAVKNINEIIAPKLNGKNVTEQKKIDELMINLDGTNDKSKLGANAIVGVSLAVAKAAAGSLGTPLYQYIGGANARILPVPLLNLINGGKLAATELDFQEHIVMPIGAKTFSDAMRMGTEIYHELGKILEKKWGRHSLNVGDEGGYTPPGMKDVREAFDAELKAIEELGYTHKFVLALDVAASHLYDKKKETYTVKGEDMTREDLIEFYKDLVAAYPIKSIEDPLEQDDFDGFAELTETLDIQIAGDDLFATNAERLRRGIEVGAGNALLWKINQVGTLTEALDVAQLAFKNGYGVQVSERSGQTEDTWLSDMAIALNCGQIKTGGPCRGERTAQYNQLLRIEEELGSSAKYAGKEFRRPFR
SPC_31,Hadesarchaea,Eury_Ca_Hadesarchaea_archaeon_B3Hades_TKJ26819.1,2.7.2.3,VGQTFLAASGRNLGGSNLELLKQKGLEKEIKRAKRLLDAHGDEIKVPLDVVVEAQGRPKELSLKELPTELKIYDIGSRTLNEYSKLIEGAKTVVSNGPLGVFERAGFERGTFEVLKAMASSQAFTILGGGHMVAAAQAAGIAGQIKHISTGGGACIGFLSGKPLPVVEVLTRAKHTQQLEAQT
SPC_32,Hadesarchaea,Eury_Ca_Hadesarchaea_archaeon_B3Hades_TKJ26909.1,4.2.1.11,MQAVIKSVIPYRILDSRGDPTIEIEVVVRGGRGAKASFGRAAAPSGVSKGKHEVIDFPEGGVDASIKKVRGLIAPKLIGVAAGEQEKIDGLLHELDGTSNFSKIGGNAAVAISMAVAKAAASALGKPLYIYLGGGRAIRLPYPLGNVLGGGAHAGKMAPDIQEFIAIPVGAKRFTDAAFANAQVHKKVKTLIEAKDTTFTGGKGDEVAWAPNLNNLDALEVVSRACEEVAGEVGFEVRPALDVASSSMYDAKKQKYVYERGSVNRDGGEQTDFILELIRTYKLFYVEDPMHEEDFDGFAGLTRKAGKRCLICGDDLFATNVGRLQKGIKAGAANAVLIKPNQIGTLSDTLAAVKLAKKHDYVPVISHRSGETPDETIAHLAVAWGCPLIKTGVAGGERVAKLNELIRIEEKLGKEAKMGMLR
SPC_33,Hadesarchaea,Eury_Ca_Hadesarchaea_archaeon_B3Hades_TKJ26910.1,5.3.1.1,MKTPIVIVNFKTYPQSVGERAVELAKTIASVAKEKGISVAVAPQNLDLYRVASQIDIPVLAQHIDPITPGAHTGWLLAETAKETGAVGSLINHSEHQLQPEEIEQVVGRLRELELTSVVCARDPEVCKRVAVFEPDMVAVEPPELIGSGRAVSKVKPEVVSDAVKLVRGVNPGVRVLCGAGVTSGEDVRIALELGAEGVLLASSVVKAPDPRAAMLDIANGITSK
SPC_34,Hadesarchaea,Eury_Ca_Hadesarchaea_archaeon_B3Hades_TKJ27240.1,5.4.2.12,MKALMLICDGMADRQVAKLGNRTPLEAARTPNMDKLAKRGVCGLMDTIAPGVPPGSDTAHLALLGYDPFEVYTGRGPFEAAGAGIELHPGDVAFRANYATVDDALVVKDRRAGRIQETGPLEAAIRQIKLRGADFIFKNTVGHRAALVLQGKGLSNEVTDSDPQEIGKKVLQVRPLLRTLERPQLLRAILTGGIRRFAGRRRRSTKTARLLNDFSRRAHEILKNYHLNIERTKKGLPPANYLLLRGGGVVPHLQPLQERFDIRGACIAAAALVKGVCRMAGMKVIDVPGATGSVNTDLNAKVKAALKALETHELVLLHVKGFDEASHDGNAAAKVKLIERTDKELKPLISAADFVVLAIDHTTPVTVREHTGDPVPIVIAGPSVRADNVRAYGERAAVQGGLSRIRGKDLLPILADLMGKGKKFGA
SPC_35,Methanopyrus,Eury_Methanopyrus_SNP6_CP019436.1_300,4.2.1.11,MPRIASVKAREVLDSRGEPTVEVEVELEDGTVGRAMVPSGASTGTYEALELRDGDDRYGGKGVRRAVRNVEEIIAPEIEGLDATTQSDIDRMMIELDGTENKSHLGANAILGVSLAVARAAAKSLGIPLYRYLGGPTARRLPVPFMNVINGGEHAGNELDFQEHMIVPHGFESFSEALRAGVETYHVLGELLEEEYGPIATNVGDEGGYAPPMKDMMEPLDVLVEAIEEAGYAPGREIALALDAAASEFYDEDSGTYRAYGQKYTRDELIDVYKDLVSQYPIVSIEDPLHEEDFRGFAKITEELGDKIQIVGDDLFVTNPNRLRKGIEMGAANALLLKVNQIGTLTEALEAGELALHHGYGVMVSHRSGDTEDPFIADLAVALGCGQIKTGAPARSSRTAKYNQLLRIEEDLAGTAEFGPRNDFFLP
SPC_36,Methanopyrus,Eury_Methanopyrus_SNP6_CP019436.1_318,2.7.2.3,MYEDISTMDDFEFENKWVLLRIDINSTVINGKIKDDERIRRHLRTIKELTEHDARVAILAHQGRPGEDDFTTLEPHAEIMSEELDNFEYVPDVFGPTAKKKIRSLEPGEVILLENVRFYSEERINRDPEWHARRHLVRNLAPLFDIFVNDAFAAAHRSNASLVGFTRRLPSCVGRVMEREIEVLETMVREEMEDGVFVIGGSKIEDSIKVIRRAIEMDNVRRVLLGGLVGNLFLWASGVDLGKPSRKFLDMKGYTGYLDEARELLEEGDDVILVPEDVALNRGGEREEIDVGELPADAPVFDIGNGTIERYCKEVERAGMVVANGPMGVYEEPGFEKGTYELLNAIADSDAFSVIGGGHIIAAAKACGAYYHIDHVSTGGGAMLRMLAGERLPAIDAILTCPFSGC
SPC_37,Methanopyrus,Eury_Methanopyrus_SNP6_CP019436.1_320,5.3.1.1,MRVPSVIVNFKAYSEAIGENALRLARVAAEVSEETGVEVGICPPHVDLRDVVREVGGEVTVLAQAVDAAEPGGRTGHVTPEMVVEAGADGTLLNHSERRMLLEDLKDVCRACMNEGLITIVCASDALAARAAGALSPHAVAVEPPELIGTGTPVSKADPEVVERSVEVVKEVSEETAVLCGAGITDRSDVRAALELGADGVLVASGVVLADDPKEALLDLISGLE
SPC_38,Methanopyrus,Eury_Methanopyrus_SNP6_CP019436.1_955,1.2.1.59,MADVSVLINGYGTIGKRVADAVDAQHDMEVLGVVKTSPDYLARLAVEEYGYPLFVPEDRVEKFEDAGIEIEGTVEDVVLNADDYGLDVVVDCTPEGIGARNKETLYEKAGVKAIFQGGEEAEVAEVSFVAQCNYEEAVGADYVRCVSCNTTALCRTLGTLREEFELGRVYVTIVRRAADPHQVKKGPINAIVPNPVTVPSHHGPDVRTVMPDIDITTAAVKVPTTLMHMHVVRVELEEEVTSDDVIDAFKEARRIWVVPHGEGLGSTAELIELGRDLGRKRYDLYEILVWEESINVEDGVLYYMQAVHQEADVVPENVDAIRAMTELEEDPEASMDATDDALGILTSSPL
SPC_39,Methanopyrus,Eury_Methanopyrus_SNP6_CP019436.1_1067,1.2.7.11,MDWKELIRWDRMPHILCPGCGNGTILNVLVRVLAEKFEEGELDPDKTVLVSGIGCSSRLPGYVKLDSLHTTHGRPLAFATGIKLANPDLEVIVITGDGDAAAIGGNHLIHAARRNLDVTVICANNYIYGMTGGQVSPTTPRGAKSTTTPYGNPEPPFDLCELVIGAGAPHVERWTTAHPAQLSAAIARALEREGFSFIDVLCQCPTNYGRRNDMRDPREMVKWLRENTSTRDEEGKIRIGILRDEEREPFLKRMYDMIEEVRTSEEGD
SPC_40,Methanopyrus,Eury_Methanopyrus_SNP6_CP019436.1_1516,5.4.2.12,MERKILVIVGDGMADRAVSELDGKTTLQAADTPNMDRLAREGSVGLLDPIRPGVRPGSDTAHLALLGYDPFEVYPGRGPLEALGAGVEVRPKDVAFRCNFATAEERDDELVVVDRRAGRINEDEGTRELAETINEEVDLPVEFEFKEAVGHRAVLVLRGDDLSAEITDADPKRAGEPVKDVKPTSDDPAAARTADIVNEFVRKAYEVLKDHPINRKRERRGKPPANVILPRGAGQLEEVKPFSDRYNMSGAVVAGASLIKGIGRMLGMDVPEDDAITGRKDTDLKRKAELALEALDDHDFVLVNFNAVDEAGHDGDARGKVEMIERMDRELVGTLLEGVDPEETVVCLTADHSTPVVVGDHTADPVPVVIWTADTRRDPVERYDEISAARGCLGRFSGPHLLNVLRDLADRIEKFGA
SPC_41,Methanothermococcus thermolithotrophicus,Eury_Methanothermococcus_thermolithotrophicus_DSM_2095_WP_018153335.1,1.2.7.11,MEQHFALKYLRKDRLPHMFCSGCGIGTIINCACKAFDDLNIDMDNTIMTSGIGCSSRIPGYFNCDSLHTTHGRPIAFATGVKSYNPDLNVITFTGDGDCAAIGGNHFIHACRRNIDITIICVNNHIYGMTGGQVSPTTPTGKRATTSPYGNPERPFDLCKLAEAAGASYVARWTTSHPFQLSKSIKKGIETKGLAFIEVMSQCYTYYGRMNNIKSNTELMKLIKSNTIHINKVKKLSKDGKEALDGKLVIGEFVDKKQPEFTDELYKIIKNECLIEYPSISKASKED
SPC_42,Methanothermococcus thermolithotrophicus,Eury_Methanothermococcus_thermolithotrophicus_DSM_2095_WP_018153595.1,2.7.2.3,MFLTMDDFDFKGKTVVLRVDINSPIDVNMGIILDDTRIRACYDTVKELSDKGAKVVILAHQSRPGKKDFTTLESHAKRFSEILGKDVEYVDDIFGSHARNSVLNMNDGDIILLENVRLCSEEVLKEWSKWEDITPKKQAKTLLVKKLYPLFDYFINDAFAAAHRAQPSLVGFAYRIPMIAGRIMEKEIKILSKVLKNPERPSIFVLGGAKADDSIEVTKNVLRNNYADRVLTTGIVANIFLMAKGYKMGPNEKVIEDMGYLDQVEIAKELLDEFGDKIVIPIDAALNVDGNRVEAVLKLEEDIKYPIYDLGEKTIELYDKIIKEAKTIVANGPAGVFENKNFLKGTEGILRSITESEGFSVIGGGHLSAAAEVIGVADQIDHISTGGGACIEFLAGKRLPVIEILKESYEKYKK
SPC_43,Methanothermococcus thermolithotrophicus,Eury_Methanothermococcus_thermolithotrophicus_DSM_2095_WP_018153704.1,5.4.2.12,MRAIVVLLDGLGDRPSSILNNKTPLEYANTPNLDKLSEKAMTGLMIPYKEGVPLGTEVAHFLLWGYNIEDFPGRGVIEALGEDVEMDHNSIYLRATFGFVKKDEDGLCVIDRRTKDITIDEIEKLVDSIPNFVDGYEFELKYSYDVHFILKIKEENGWISDKISDSDPFYRNRHVMKVFPIKELCNSRIEFDKAKSTAEALNKYLLKCHQILENHDVNIKRKRREKQSANFLLTKWAGKYPESQGLNDSNSTSFHSENKEIPSFKEKWGMKGVVIANSSVFKGLAKLLKMDYIAADSFEEAIKIGIDLKDYDFIHIHTKDIDESSHKKDPMKVVKVIEEIDSYLSPILDLKEDLVVITADHSTPSVGTLIHSGESVPIAIVGSNVRTDDVKRFNERECSKGHLRIFSNDLMNIILNYTDRALLHGLRSGNKIIRYIPDDDDVEHLK
SPC_44,Methanothermococcus thermolithotrophicus,Eury_Methanothermococcus_thermolithotrophicus_DSM_2095_WP_018153993.1,4.2.1.11,MLKNLDDSFDIYDIHAREVLDSRGNPTVEVEVLTFGGGYGKAIVPSGASTGTHEAVELRDGENRFGGKGVLKAVENVNNIIKPELIGYDSRLQREIDTLMIELDGTDNKGKLGANAILAVSLAVAKAAAETASLPLYKYIGGCNSYVMPTPMMNVLNGGEHAGNALDFQEFMIMPVGADSIAEAIRMCAETYQTLKKVISEKYGKDAVNIGDEGGFAPPINDIREALDLLSNSVKKAGYENEIVFALDCAASEFYSEKDGAYIINGEKVPQEKLIELYKELIDEYPIVSIEDPLYEEDFEGFATITKELKGIQIVGDDLFVTNTERLRKGIEVGAGNALLLKVNQIGTLSESIDAANLASRNGYGVVVSHRSGESEDATIADLAVALNAGQIKTGAPARGERTAKYNQLIRIEEELGYPKYAGKNFRCPF
SPC_45,Methanothermococcus thermolithotrophicus,Eury_Methanothermococcus_thermolithotrophicus_DSM_2095_WP_018154291.1,1.2.7.11,MIKLDSVFERSDEIDITWCPGCGNFSIKVALMNALEELGLTPNDVALVSGIGQAGKMPHYLKINKFHGLHGRAIPIATGVKASNPELVVIAEGGDGDMYAEGGNHLIHGIRRNPNITVLIHNNQIYGLTKGQASPTTSINTKTPTQPWGVFEEPFNPIAMAISSNASFVARTFSGYIEETKEIIKKAIEHKGFSVVDIFQNCPSFNKVNTFQWYKENTYFMKDHDPYDREEAFKRALESEPYPLGIFYMCERPIFEEKIPAYKSNKTPLWKREPKLDRINEILDSKKRS
SPC_46,Methanothermococcus thermolithotrophicus,Eury_Methanothermococcus_thermolithotrophicus_DSM_2095_WP_018154309.1,1.2.1.59,MAKVLINGYGSIGKRVADAVSKQDDMEVIGVTKTKPDFEARLAVEKGYKLFAAIPERKHLFEEAGIEIEGTIDDIIEDADIVVDGAPKKIGTDNLEKIYKKYGVKAILQGGEKAHVVEDSFNSLWSYDRCYGKDYIRVVSCNTTGLCRTFYAINSVTDILKARVVLVRRAADPNDAKTGPVNAIVPNPATVPSHHGPDVVSVVPQFEGKIMSSAVIVPTTLMHMHSLMVETTGVTKDDVLDAIEKTPRIITVKASEGLDSTATIIEYARDLGRPRYDLNEIAIWEESVNVVDNEIFLMQAIHQESDVIPENIDCIRAMLQMEDDNMKSIEKTNKAMGLLK
SPC_47,Methanothermococcus thermolithotrophicus,Eury_Methanothermococcus_thermolithotrophicus_DSM_2095_WP_018154439.1,1.2.7.11,MHPAIKYMREDRLPHIFCAGCGNGIVLNCFVNAIEKLDIKPEDYIALSGIGCSSRVPGYLYCDSIHTTHGRPIAFATGIKVSRPDKKVVVFTGDGDLAAIGGNHFIHGCRRNIDITVICINNNIYGMTGGQCSPTTPHDEKATTAPYGNPENNMDLCKLAEAAGATYVARWTTAHPIQLVNAIKKGMEKKGFSFIEVVSQCPTYYGRFNVSRKPADMIKFLKENSVNIKKAETLSNEELNGKVVVGEFLNIEKPEYIEQLKELLH
SPC_48,Methanothermococcus thermolithotrophicus,Eury_Methanothermococcus_thermolithotrophicus_DSM_2095_WP_018154580.1,5.4.2.12,MKAVIMVIDGLGDRPNENGNTPLKEAKTPTMDRIAKEGICGIMNAVDVGVRPGSDTAHLSILGYDPYTTYTGRGPFEAAGVGVKVKPGDIAFRCNFATIDDNFIVLDRRAGRIANTEELEKELDGLEIDGVKVIFKQSGGYRATLVLRGEGLSDKITDADPKKEGKKVKEIKPLDGSEEAIRTAEILNKIIRISYEKFNNHPVNEERRKEGLPVANVILPRGVGKVPQIQPFNEKYGLKGACIAGTGLIKGIAKMLNLDVIEVEGATGTPETAFMNKAKALVEALNNYDFVIINVKGADEAGHDGNYELKKEVIEKIDGMLDYIMKNIDKKEVYFVLTGDHSTPIEEKDHSADPIPIVIWGKSVRIDDVEKFDEFSTYKGGLGRIKGTHIMPILMDLMGLAKKYGA
SPC_49,Methanothermococcus thermolithotrophicus,Eury_Methanothermococcus_thermolithotrophicus_DSM_2095_WP_026182921.1,5.3.1.1,MKPIVIINYKTYLESVGKKGLEIAKAAEKVAEESGITIGVAPQFMDLRMIAEDVSIPVYAQHFDSISPGSHTGHILPEALKDCNLRGTLLNHSEKRMLLADIENCIETAKKLDLETVVCTNNINVSKAVAALEPYSIAIEPPELIGSGIPVSKANPEIVEGTVKEVRKINKDVVILCGAGISKGEDVKSALELGTDGVLLASGVVKAKNVEEAIRELISEI
SPC_50,Methanothermococcus thermolithotrophicus,Eury_Methanothermococcus_thermolithotrophicus_DSM_2095_WP_040682754.1,2.7.1.40,MGPSLENKLDEVIDTIDGVRFNMSHASINQIKRVLEVLEKHNIAKLMDLKGNKIRVKKAFKYELKEGEEAIIGKDIILTYNPVELNKGNLILINDGKIKLEVKDVVNELIFARVIRGGIVKEGMGINLPDASLKMPIISDEDIEHIKFAVENDFEYIALSFVRNKDDIINLRNIIKDYNGDSSIIAKIETREGLNNIEDIVKFADGVIIARGDLGVEIPIEYIPIEQKNIMAISNKYGKLTITATQMLDSMINNPYPTRAEVTDIANAIFDGTDCLMLSNETTIGKYPVEAIRTMDTVARVSEKNIEKFGKDGNLEEPSVSTGIAYATHTLYNKLDPKIIITPTRSGKTAILISKFKPTVPIIAPTPNLTTLRKLKLFWGVSPCIVDEVNHIDKMLDISREIAKKEIKEGTFIITLGHPIGENKTNVIKVEII
SPC_51,Bathyarchaeota,TACK_Bathyarchaeota_TCS64_LSCO01000034.1_9,2.7.1.40,PLNSLYMSQPFIRSKIICTIGPASSSPDILKAMVKAGMDVARINTSHGSMDDHRKLFERIKKINDCGILVDLPGPKIRLGQLDGSVELLEGQRIHLTTRDITGNQKEIPVNYSKLPSEVHVGGHLFIDDGVIDITVTDIDEDYMGFFGRVVSGGIVSSRKGVNAPGAMLSLNPPTAKDLEGIKFGVEMGCDWFAASFIRCREDIDSVRQAILEAGGDHPIVSKIEHRDAVHNISEIIEASDGVMVARGDLGIEIPPWDVPLLQKKIIKACNVEGKPVIVATQMLESMIVHPRPTRAEASDVANALLDGADAVMLSGETAVGQYPVGAVRTMNSIGAVVQEQIRDVNRTELRGLPIKDVIGDLATRAVEAVEPAAVIVITRSGKSALMVSKHRPKAMILTVARDPKISRRMSMYWGVKPIHVPWTDDRDKLIVRVLREGLKCEYFYREDVIQVVSGSTLIAPGLTTTLEILKVDDVLSLVGD
SPC_52,Bathyarchaeota,TACK_Bathyarchaeota_TCS64_LSCO01000062.1_4,2.7.2.3,MFRTFFIILVEYFRVTGGPQVYDFLTLDDIDVSGKTVFLRIDINSPLDPGSKRILDATRIQAIIPTVKSLKDAKLVLGAHQSRPGKYDFTNLESHAKVLQMYLEHPVKYTEDIIGEEAQSSIKEMKNGEVLLLNNVRMREEENIKAPVEELQSTKFVKVMRQLVDVFVNDAFPAAHRSQASLVGLSLDCPMVAGRLMESELNALNTVLVEPERPSLYILGGAKIEDRIPVIRRVLDDEIADRILLGGLVADSFQMAAGYMGKRYENLTEKDVQHVEDCRGLLEEYPDKIQLPVDVAMDVKRERVEVFINSITEEPTYDVGLNTLAQYCSEIKKGGTVVAEGPLGMFERRGFDIGTKEVLLCMARCRGYTVVGGGHMRAMTSLLGVSGEMSHVSTGGGAMLSMLAGESLPVVESLEKSKHRFHETNL
SPC_53,Bathyarchaeota,TACK_Bathyarchaeota_TCS64_LSCO01000089.1_5,1.2.7.11,MTGNMVHRLSEYLRMDRLPHIWCAGCGLGIILHAYTKALMELEMDLDNVVTVSGIGCAGRASGYVNTDSFHTTHGRALPFATGVNLANPELKPVIISGDGDLFAIGGNHLIHAARRNVNMLVICSNNFNYGMTGAQYGPTTPQKIRTPTSPFGNMENPLNLVSLVSSAGATMVSRWTVYHVFQLKKAIKKGLQKKGFSFIEVISPCTTGYGRLNKMTPLDMMNQLKNNSRIAQVHPTEAIIDPNQEIILGNFVDIRKPTYDEVLKELEAKFNE
SPC_54,Bathyarchaeota,TACK_Bathyarchaeota_TCS64_LSCO01000144.1_3,4.2.1.11,MGEIKHIHAREILDSRGNPTIEVEVTTSDGYFGRAAIPSGASTGIWEAVELRDKDERYHGKGVSKAVQGIKNEILPVLKGHEVYQQANLDALMIEIDGTENKERLGGNAILGVSIATAKAAAASKGLRLYEYLEKDSNLLPVPFFNVINGGMHAGNQLDFQEFMVAPTGARSFREALRMGSEIYQTLKKKLKKDYGANAVNVGDEGGFSPPMKSPEEALDAIIASTDELGYTEKVTLASDVAASSFLKEKGIYNYKKKDISTEELIEVYVELVDKYPISSIEDPLEEEDYEGFVDVTEALDIQVLGDDLFVTNPNRLQKGIDMGACNALLWKVNQIGTITEALEAANIAMRNGYNVMASHRSGETEDPFVADLSVALECGQIKTGAPCRGERTAKYNQLLRIEEWLGEKAAYPESLFK
SPC_55,Korarchaeum cryptofilum,TACK_Korarchaeum_cryptofilum_OPF8_WP_012308887.1,1.2.1.59,MPMRVGINGFGRIGRQVFKIGLRNPNLDFVALNDITEPRVLAHLLKYDSVFGRFKAEISHKESAIIVNGKEMRVFSQRDPSLIPWDELGVDLVIEASGVFTGRSDAAKHLRGSVKKVVITAPSKGESADYTVVMGVNEGGIDVGKHHVISNSSCTTNAFAIMVKVLHERFKIRRGVMTTIHAYTNDQRILDAPHSDLRRARAAAISMIPTSTGAAKTIELIFPELKGRLSAIAMRVPTYDVSIVDFAAELESKVSVEEVNKAFEEEAKRMPKYLGIAEDPIVSVDLIGDEHSVVFDPSLTQVVEGNMVKVFGWYDNEWGYSARVVDLVDYLREKMSI
SPC_56,Korarchaeum cryptofilum,TACK_Korarchaeum_cryptofilum_OPF8_WP_012309906.1,1.2.7.11,MIQEENFEHILAKKYMRTELLPHAFCSGCGIGIIERMILMAFEELGEEEWKRTVFVSGIGCSGWTPLYFRSDVAHTLHGRALPFAIGLKLAKPELNVVVVMGDGDSMAIGGNHLIHAARRNIGLTAIIVTNMVYSLTGGQMAPTTPEGAITQTTPYGNIEPNFDLIELMKAAGATYLARWTTYHVIQAKNSIKKAVKHKGFSVVEIVSQCPTFMGRYVLNKSDPRDIMQWFKENSIPVSVAATKSPEELKGKIIVGEFLHKPEVMEYTERLKLLRERVGRR
SPC_57,Korarchaeum cryptofilum,TACK_Korarchaeum_cryptofilum_OPF8_WP_012310111.1,5.3.1.1,MHIPRLLINFKAYMESSGDRAVEISKSAERIWREMGVLIGVSPNIVDLRLISSSVEIPVFAQHVDPIPAGAYTGHVPPILVKEAGARGSLLNHSEKQIPLRHIAESINMMRDLNLISIVCSPTPSESAAVAALLPDAIAVEPPELIGSGIPVSKAKPEVILNSLRSVKAINSAIPLLCGAGISSGDDVKAALELGSYGVLVASAVTKSPDPQRKIRELAEPIASFTRA
SPC_58,Korarchaeum cryptofilum,TACK_Korarchaeum_cryptofilum_OPF8_WP_012310144.1,2.7.2.3,MKTRRVPTLDDLYVENKKVFLRADMNVPIGENGEIMEIEKIKQAAKTLKELIERGASVVVGTHQGRPGSSDFITTEPHAVELSKELGIDVEYVDGVFSSDVRERIKRMKKGDVIMLENLRFMAEENIEGDPKDLVKTHLVQKLAPLFDAYVNDAFQAAHRSQPSLVAFPYLLPSAAGRNMQKMLNEMMELDSIKGRRILVLGGAKVPDKLKVMVHAVRNNKAAEVLTGGLVGMLLALAAGHKLNGKMRKMKDLDLLLPAAREILNEAPGRIFYPVDFLVKLEDGRIENFPVYAIPENAEIIDIGVGTIELYKEKLKGADIAIANGPMGIFEKPESRRGTLEIVSAMEKYAKESVLCGGHLSAAADMVGVKGSKVYTAGGAVMYGLAGLPLPAVDALRESSSK
SPC_59,Korarchaeum cryptofilum,TACK_Korarchaeum_cryptofilum_OPF8_WP_012310248.1,4.2.1.11,MSFRIEDVRAREVLDSRGNPTVEVTVKLEGGGSGRFSVPSGASKGKREALELRDGGKWLRGMGVIKAVRNVNEIIRPSLIGVDASIQPLVDDILIQLDGTPNKSRLGANSILGASVASAKASSDQMGVPLYKYLGGAFSRVLPIPLMNIINGGKHAGNELAIQEFMIVPVKFKTFKDALFAGVSVYMELKALLEERYGRHAVNLGDEGGFAPPMKRTEEALEALVSSIERVGLEGEVKLAIDCAASNFYADGKYNIDGASLTKEELISFYERIVDEYPIVAIEDPFHEEDLDSLSELTKKLGHRILLVGDDYFVSNERYLRKGIEAKAGNAVLLKVNQIGTLTEAVRTASLAFRYGYRVIVSHRSGETNDPFISDFSVALNCGYIKAGAPARGERVAKYNRLLEIEEELGSVASFSQLDTL
SPC_60,Korarchaeum cryptofilum,TACK_Korarchaeum_cryptofilum_OPF8_WP_052567901.1,2.7.1.40,MQKTKIIATIGPSSSQIEVLKGMIAEGMSIARLNFSHGTIGEKMEQIEVIRRASYELGIRLGLMSDLQGPEVRTHMGKKELKIEDGDLVTVSGKEGIGEIKIKPSSVLRGLEPDDELYIDEGRIRLRVREVDGELLKCEVIQGGLVRDKRSVHASKPFELRGLTEEDKEAIKASISKGVDFIALSFVKSAEDVTEAMEFMRSISEEPPAIISKIETKEAVERIREILDVSYGIMVARGDLGVELPLQEVPKIQKKLIRLANQNAKPVITATEMLESMTQSPIPTRAEVTDVYNAILDGSDAIMLSAETAIGKYPVLSVRWMRIIAEMAESSLESRLDFPVDNIPSFIGKAAVEASEILKCPVIFCFTYSGYTARHVARHRPKARIIALSSNKRTSQLLTLTWGVETIDVTGDLDEALSYALSYCMDRGILSEEDRIVVTYGHPHGEAKTNTLRILSVRELQRAGTPKPSEITGPS
SPC_61,Korarchaeum cryptofilum,TACK_Korarchaeum_cryptofilum_OPF8_WP_052568392.1,5.4.2.12,MRRVILLIIDGLGDRPSQSLKWLTPLQAAEIPNMDLMAAKGLLGMQYPIAPGVPPGSDSGHLSIFGYDLDKEYPGRGVFEALSEGVVGDGVIFRANFSTVREENGKLIVVDRRAGRVEKEDASLLASELKDLYLLNGEVKAKFVHTLEHRGFLILEGEGLSSLVTDVDPHEEGYYVLEPEPIDDKAVKTAEAVREFLLISYRMLKDHEVNRKRIAEGKLPANFILLRGASSPPKLEPFSSRWGFKPAAVAAGPMYKGIARALEFEVFHPPGATGLPDSDFSSKIRKALDLLEEFDFIYVHMKGTDVASHNKDPQQKVRVLERIDLALEPLTDPPEDLLVVITGDHATPCSLGKHSGDPVPVLFYGRGLPRDDSSNFHELDAQVGGLGWFTGSSMMRLILNYSDRALEYGLRPFPRPRGYIPRIEMLNPLKI
SPC_62,Nitrosopumilus,TACK_Nitrosopumilus_sp_AR_WP_014962585.1,4.2.1.11,MAKITSIEGRILYNSRGSKTIEVDVESDGKFLGRVCAPSGASVGKYEAVSFRNGKPEESLQILKENSQKFIGLESSDLKGIHDTLKSFDNSSNYSGIGGALAFAVTIASMESASKALEQPLFKTLSNESSFKFPFPLGNILGGGAHAGPGTPDIQEILICATGAKTIQEAIETNLAVHKELRSVLEKEDPSFTNGRGDEGGWAPKLENQKALEVSAMACENLGFTLGKEVSLGVDFASSTQWNEEKSKYVYDRAGFENTSSEQIDFAADIIEKFKLIYAEDAVHEEAFEDMAELTAKFPNTLITGDDLTVTNKEILSKAINMKSCNAAILKVNQAGSLYDALEFANLANKNNIRLITSHRSGESTDSQISHIGLATKSKMLKVGVVGGERVAKLNELLRLSEHDLIRGMAEV
SPC_63,Nitrosopumilus,TACK_Nitrosopumilus_sp_AR_WP_014963348.1,5.3.1.1,MFVINCKNYEEISGDKIIKFVKIAEKISKKFKIKIAICPPQHLIGVVANSSIPIFAQHVDDSNVGSTTGFVIPELLKKSKVNGSLINHSEHRILSKEISKIVSKLKDLKMTSIVCVRDVAEARKYAKLNPDYIAIEPPELIGSGKSVSTHRPELITKAAIAVKDAKNNTKLLCGAGIISGKDVSKAVELGSKGILVASGIIKAKDWNKIISEFAKALV
SPC_64,Nitrosopumilus,TACK_Nitrosopumilus_sp_AR_WP_014964490.1,4.2.1.11,MAKISSIEGRILYNSRGSKTIEVDVKSDNQFLGRVCAPSGASVGKYEAVSFPDGKPEKSLKILKENSQKFIGLESSDLRGVHDVLKSLDDSANYSVVGGALAFAVTIASMESASKALGEPLFKTLSSESSFKFPFPLGNILGGGAHAGPGTPDIQEILICATGSKTIEDAIETNLSVHKELRRVLEKEDPSFTNGRGDEGGWAPKLENQKALEISAKACENLGFTLGKEVSLGVDFASSTQWNEEKGKYVYDRAGFENSTGEQIDFAANIIEKFKLIYAEDAVHEEAFEDMSELTKRFPNTLVAGDDLIVTNKNILKKAIDLKSCNAAILKVNQAGSLFDALEFANEATQNNIKLITSHRSGESTDSQISHIGLATKSKMLKVGIVGGERVAKLNELLRLSEHDLIRGMAEI
SPC_65,Nitrosopumilus,TACK_Nitrosopumilus_sp_AR_WP_014964721.1,5.4.2.12,MIYVLLDGVGDLPHPDLDGKTPLEAANTPILDKIASNGAIGEVISVGKGIAPESDIAVFNMLGYKFKHADYVGRGVIEAIGIGIDFKDGDLALRGNYSTLNDEGVIVDRRAGRHIEKADADGVAKEIEEKVKLTSPDVSVVVSPTIGHRVTVRIRKDSQKLSSRITNTDPAYSNIGGMGVAKAVGDFLKIEKCLPLDDDEDSKFTANLVNEFSEKSIEIMKESQINKRRQKENKKQLSCILLRDAGNKYPNVIPINEKYAMNFSCIVDMPVEIGISEVLKMKAFEAGGLTDYEEKAKVAAKAMETQNAIYVHLKGPDEFGHDGDAIGKMKNIEEIDQRFFKTLVENIDSSKVAIIISADHSTPCINKGHSDDPVPVVVSGDFIKKDGTTRMTEQQAKKGSIGLLQGAEVVEKSLELIKSQI
SPC_66,Nitrosopumilus,TACK_Nitrosopumilus_sp_AR_WP_014965256.1,5.3.1.1,MFVINCKNYEEIAGDKIVKFVKTAEKISKKYKIKIAISPPQHLIGLVSNSSIPILAQHVDDSKVGSTTGFVIPELLKKSRVKGSLINHSEHRISSKEIEKLILKLKELKMISILCVKDVAEVKKYAKFNPDYIAIEPPELIGSGKAVSKEKPELIAKAAKAIKNAKNSTKLLCGAGIVSGEDVSKAIELGSKGILVASGIIKAKDWNKIMADFAKSMV
SPC_67,Nitrosopumilus,TACK_Nitrosopumilus_sp_AR_WP_016939894.1,2.7.2.3,MDNRKGVKVLTLDDFDLKGKTVFLRVDMNCPIDPETMEISGTKRIEEAIETLQSLKESKVVVASHQGRVGNNDYTGMDKHAKVLEKLMNRKIKYVEDVIGEAAQNAIKNLENGDILLLDNLRLCAEENYEFTPENAAKTIMVTRLAKLFDLCVLDSFPSAHRSHPSIVGFPQVLPACAGRIVEREVRNLDEIMTVAKAPHVIVLGGSKVPDRLEAIKLLIQNGRADHVLLTGLIGNVFMRAQARVKSPLGIKREEEVVAKAHTLIGEYPDVFATPVDIAIDKDGERVEMDVREMGKGDKIFDLGPKTVEYYSKLIAGAGTVFISGPAGFFEKENFSYGTKALLTAVANSMATTIVSGGHLTTALKQQGLADKINHISTAGGALVLYLTGEKLPMIKALEDARIKYQSK
SPC_68,Nitrosopumilus,TACK_Nitrosopumilus_sp_AR_WP_016940080.1,2.7.2.3,MGNRQVVKVLTLDDFDLKGKTVFLRVDMNCPIDPETLEISGIRRIEEAAETLDSLKESKVVIGSHQGRVGNYEYTGMDKHAKVLEKVTGRQIKYVEDTIGEAAQNAIKNLENGEILLLDNLRLCAEENYEFTPENAAKTIMVSRLSKLFDLCVLDSFPSAHRSHPSIVGFPQVLPACAGRIVEREVRNLDEIMTVAKAPHVIVLGGSKIPDRLEAIKLLIQNGRADHVLLTGLIGNVFMRAQARIKSPLGIKREDEVVAKAHSLIGEYPDVFATPVDIAIDKDGSRVEMDVREMGKGDKIFDLGPKTVEYYSKLIAGAGTVFISGPAGFFEKENFSYGTKALLNAVANSMATTIVSGGHLTTALKQQGLADKINHISTAGGALVLYLTGEKLPMIKALEDAAIKYKSK
SPC_69,Nitrosopumilus,TACK_Nitrosopumilus_sp_AR_WP_039774041.1,5.4.2.12,MIYVLLDGVGDLPHPDLDGKTPLEAANTPILDKIASNGAIGEVISVGKGIAPESDIAVFNMLGYKFKHEDYAGRGVIEAIGIGIDFKDGDLALRGNYSTLDDQGVIIDRRAGRHIEKEDADGIAKEIEEKIKFSNPDTSVVVSPTIGHRVTVRIRNDGKKLSSKITNTDPAYSNIGGMGVAKAVGDFLKIEKCLPLEDIEDAKSTANIVNEFSEQTINICKESQINKKREDQGKKKLSCILLRDAGNKYPDVIPINEKYGMNFSCIVDMPVELGISEVLKMKAFEAGGLTDYEEKARVAAKAMETQNSIYVHLKGPDEFGHDGDAIGKMKNIEEIDQRFFKTLVENIDTNKVAIVISADHSTPCINKGHSDDPVPVLVSGDFIKKDGTTRMTEAQAKKGSIGLLQGAEVVTKSLELIKSQT
SPC_70,Nitrosopumilus,TACK_Nitrosopumilus_sp_AR_WP_049800838.1,5.4.2.12,MIYVLLDGVGDLPHPDLDGKTPLEAANTPTLDKIASNGAIGEVISVGKGIAPESDIAVFNMLGYKFKHADYAGRGVIEAIGIGIDFKDGDLALRGNYSTLDDEEVIIDRRAGRQIEKEDAEGIAREIEEKVKFSDPNTSVVVAPTIGHRVTVRIRTNSRKLSSRITNTDPAYSNIGGMGVAKAVGDFLKIEKCLHLEDVEDAKFTANLVNEFSEQVIKICKESEINKKRQEQGKKKLSCILLRDAGNKYPDVVPINEKYGMNFSCIVDMPVELGISDVLEMKAFEAGGLTDYEEKARVAAKAMETQNSIYVHLKGPDEFGHDGDAIGKMKNIEEIDQRFFKTLVENIDSSKVAIIISADHSTPCINKGHSDDPVPVLVSGNFIKKDGTTRMTEEQAKKGSIGLLQGAEVVSKSLELIKSQM
SPC_71,Sulfolobus solfataricus,TACK_Sulfolobus_solfataricus_WP_009988763.1,5.4.2.12,MKQYKILLIVADGLGDRPVSKLNGLTPLEAANKPAITDLLKNSMIGLMDPISPGIIPGSDTSHLSIFGLDPHVYYRGRGAFEALGAGATLSHGDVAFRGNFATVNNDLVVVDRRAGRKLEEGEQLVKELNEKIKEINDVKIKFYKGTEHRIAVVLSGKGISDKVSDTDPHHEGLKVLESKPLEDSNEAIRTAEIINILTRKVFDVLNSSEINKRRIEQGEKPANIVLLRGAAHYVKLPPFSSYTKLKAAAVSATALIKGICRELGMNVITPSGATGGIDTNYNAKAKAAIELLKENDFVFLHIKATDAASHDGLVEEKVKAIERIDRVIGAIIDNIGRDNLILMFTGDHVTPVEIKEHTGDPVPVLLYVPYPIINDNVGDFNEKEARKGSLRIRGLDVTNILLNYSNRAEKYGS
SPC_72,Sulfolobus solfataricus,TACK_Sulfolobus_solfataricus_WP_009989031.1,1.2.7.11,MAGLKVEWNDWCPGCGNFGILSAEQQAIQELGLDPKKVVLVSGIGCSGKIPHFIRLPASGVHTLHGRALTFAIGIKLANPSLEVIVNGGDGDQLGIGVGHFVSAGRRNVDLTVIVHNNGVYGLTKGQASPTLKLGVKTKSLPKPNINSDINPIALAISSGYTFVARGYAYDVKHLKEIIKKAIKHKGLAMIDVLQPCPTYNDIHTKEYYDKRVYKLDEDPSWDPIVKKPEEMDDKMSKAILKSMEWGDRIPIGIFYQNELVSTYEQRIAERSPSYLDNPPAHDVIEFEGKPTTDVEDILKERRVT
SPC_73,Sulfolobus solfataricus,TACK_Sulfolobus_solfataricus_WP_009989304.1,5.3.1.1,MKPPIIIINFKAYENSFGDKAVNLGKKIEKISKEYSVEIILSTPATMIYRMSQEVDLPIYAEHVDPVPLGAFTGAILPEMVKDAGAKGTLINHSERRLRADEIDDVLKRTKKLGLKSILCVDRYELVYPFSLLKPDAILIEPPELIGTGVSVSKAKPEVITRAVDEIRKSEGIYLIAGAGITTGEDVYKALKLGAHGIGVASAVMKAKEPEKVVEDFITSALRAISS
SPC_74,Sulfolobus solfataricus,TACK_Sulfolobus_solfataricus_WP_009991048.1,1.2.1.59,MINVAVNGYGTIGKRVADAIIKQPDMKLVGVAKTSPNYEAFIAHRRGIRIYVPQQSIKKFEESGIPVAGTVEDLIKTSDIVVDTTPNGVGAQYKPIYLQLQRNAIFQGGEKAEVADISFSALCNYNEALGKKYIRVVSCNTTALLRTICTVNKVSKVEKVRATIVRRAADQKEVKKGPINSLVPDPATVPSHHAKDVNSVIRNLDIATMAVIAPTTLMHMHFINITLKDKVEKKDILSVLENTPRIVLISSKYDAEATAELVEVARDLKRDRNDIPEVMIFSDSIYVKDDEVMLMYAVHQESIVVPENIDAIRASMKLMSAEDSMRITNESLGILKGYLI
SPC_75,Sulfolobus solfataricus,TACK_Sulfolobus_solfataricus_WP_009991049.1,2.7.2.3,MGIFLIKVGDLTIPTMDDIDIQSKKVLLRIDINSPVDENGKIIDDSRIKAHIGTIKELINKGNSVVLISHQGRPGDKDFTSLEEHAKLISKYLDREVIFVDDVIGPYAREMIKKLENNGILLLDNIRLISEELIEAPPQQHVKSFLVKKLAPLFDIYINDAFATAHRSQPSIVGFPLALPSAAGRVMEREVSALAKIFNAEDTPKIFTLGGGKVHDTIRIIENLVRKRIADRILTGGLVAELFSVAKGMNLNPKNMEILEKLGILSLIPRARKLLLSGAPIEIPVDYKVEINGNVIEEPASKVTGIIKDIGSTTAEIYSSFIKDAKVVVLRGPMGVIEDERFKSGSKSVLKASLEGQGYVIIGGGHMISALDEDMKIDSSKVHISTGGGALLLFLSGERLPALEALSMSVVNSGD
SPC_76,Sulfolobus solfataricus,TACK_Sulfolobus_solfataricus_WP_009992342.1,4.2.1.11,MINRFSIEKVKGLEIVDSRGNPTIRVFIRTSDGVESFGDAPAGASKGTREAVEVRDENGLTVKRAVDIVNYIIDPALHGIDVREQGIIDKLLKDIDSTENKSKLGGNTIIATSIAALKTASKALGLEVFKYISGPRLPKIPIPLLNIINGGLHAGNKLKIQEFIIVPIKFNTFKEALFAAIDVYRTLKGLITERYGKIYTAVGDEGGFSPPLEDTREALDLIYTSINNAGYEGKIYMGMDAAGSDFYDSKKEKYIIDGRELDPNQLLEFYLDLVKQYPIVYLEDPFEENSFDMFSQLQNKLSSTIITGDDLYTTNIKYLKIGIEKRSTKGVIVKPNQVGTISETFEFTNLARRNSMKLITSHRSGETEDNFIADFAVGIESDFIKVGAPARGERTSKYNKLLEIENKFGLEYEGKYFYL
SPC_77,Sulfolobus solfataricus,TACK_Sulfolobus_solfataricus_WP_010923158.1,2.7.1.40,MRKTKIVATLGPSSEEKVKELAEYVDVFRINFAHGDETSHRKYFDLIRTYAPESSIIVDLPGPKLRLGELKEPIEVKKGDKIVFSQKDGIPVDDELFYSAVKENSDILIADGTIRVRVKSKAKDRVEGTVIEGGILLSRKGINIPNVNLKSGITDNDLKLLKRALDLGADYIGLSFVISENDVKKVKEFVGDEAWVIAKIEKSEALKNLTNIVNESDGIMVARGDLGVETGLENLPLIQRRIVRTSRVFGKPVILATQVLTSMINSPIPTRAEIIDISNSIMQGVDSIMLSDETAIGNYPVESVRTLHNIISNVEKSVKHRPIGPLNSESDAIALAAVNASKVSKADVIVVYSRSGNSILRVSRLRPERNIIGVSPDPRLAKKFKLCYGVIPISINKKMQSIDEIIDVSAKLMQEKIKDLKFKKIVIVGGDPKQEAGKTNFVIVKTLEQQKK
SPC_78,Thermocrinis ruber,Zhurongbacteria_Aquificae_Thermocrinis_ruber_DSM23557_AHE95305.1,5.4.2.12,MIMLEKLVQKNNSKLLLVVLDGIGGLPVKDGKTELELAHTPNLDSLAKESALGLHIPVDYGITPGSGPGHLGIFGYDPLEYQIGRGILEALGLGIEVKDTDIAIRGNYATVEYVDGKPIVKDRRAGRIATEENRRITQRIKENIKEIDGVEVIIEPGMEHRFALVLRFPHPLPEGSDQIKDTDPQKEGKEPLKPIAMNANAQRVAEVVEKFVHKVGELLKDEPKANYVLLRGFSQKPKMKGFEERFGLKACAIAVYPMYRGLASLVGMDVINFEGSSIEDEIETLRSLWNDYDFFFLHIKKTDSYGEDGNWEGKVKVIEEFDKNLPKILELKPSVLVITGDHSTPSVLKGHSWHPVPVLLKSDYVLGGTSQRFTERECLKGELGIFPAKKLINIMFAHSLRLAKYGA
SPC_79,Thermocrinis ruber,Zhurongbacteria_Aquificae_Thermocrinis_ruber_DSM23557_AHE95745.1,5.3.1.1,MKLIAGNWKMNKTPSQTREYITKFLELVRDVKNTEILLCPPFTSLCVAGEMLKDSHIKLGAQNCHYEEKGAFTGEISLSMLKELGVSYVIVGHSERRWLFGETDEMINKKVIACLEKGLRPILCVGEKIEDRNAGMTLKVVESQLKLGLSGLEDLAGKIDIAYEPIWAIGTGTPATPEDAQFVHRFIKEFLGDVRVLYGGSVSPKNAKDFLSMPDVDGLLVGTASLDPESFAQIVKASEGE
SPC_80,Thermocrinis ruber,Zhurongbacteria_Aquificae_Thermocrinis_ruber_DSM23557_AHE95788.1,1.2.1.59,MVKVAINGFGRIGRSFLKACLQKEGIEVVAINDLTDTKTLAHLFKYDSVHGVFKGEVYAKDDALVVNGKEIKVFSQKDPALIPWGEVGAEIVVECTGAFTSREKAVLHLRDTVKRVIVSAPAKDPDITIVLGVNHHKYDPERHFIISNASCTTNCLAPLVKVLHENFGIKKGYMVTVHAYTNDQRVLDLPHKDLRRARAAAINIIPTTTGAAKAIGEVIPELKGKLDGTARRVPVADGSLVDLTVVVERPPASVEEVNEAFKKAAEGELKGILQYTEDPIVSQDIVGNEHSAIFDAGLTQVIEDMVHVGAWYDNEWGYSCRLRDLVLYIANR
SPC_81,Thermocrinis ruber,Zhurongbacteria_Aquificae_Thermocrinis_ruber_DSM23557_AHE96217.1,4.2.1.11,MAVIEQVKAREVLDSRGNPTVEVEVRLSSGAVGRAIVPSGASTGEREALELRDHDPKRYLGKGVLKAVDNVNSIIAKELKGLPAYNQREIDKLLIELDGTPNKSRLGANAILGVSMATAKAMANHLGVPLYRYLGGLFGNKLPVPLMNVINGGVHADNPLDIQEFMILPVCGGSFSEALRAGVEVFHTLKKLLKEKGYSTNVGDEGGFAPNLENTEKALEFLMRAIESAGYKPGEDVLLALDCASSEFYYEDDLYHIEGKKLKADELVEFYLKLIEKFPIVSLEDPMAENDWEGWKLVTQALGSKVQLVGDDLFTTNINILWEGFEKGIANAILIKLNQIGTLSETMETIAFAKEHGYNTIISHRSGETEDTFIAHLAVAVNAGQIKTGSASRTDRVAKYNELLRIEEDLGCAGRFVGKEEFWRFTGR
SPC_82,Thermocrinis ruber,Zhurongbacteria_Aquificae_Thermocrinis_ruber_DSM23557_AHE96462.1,2.7.2.3,MPFKKKTLRGQNVSGKRVLVRVDFNVPMDEFGNIEDDTRIKASLPTIEYLLDAKAKVILMSHLGRPNGKRDPKLSLQPVAKRLSRYLNREVKMAPDCVGEEVKRMVENLKEGEVLLLENLRFHPGEEGKDPEFAKELASYGDIYVSDAFGTCHRKHASVYLVPQFLKPAVMGFLLEKEISYFERAMINPQRPVVAIIGGAKVSSKLGILKNLLRRVDKLFVGGAMAFTFIRAMGYPTGKSLVEEDLLETAKDIMDVAKKLEVKFYLPVDFVIGMEVSDKTPTKVVPWQEIPDGWMGLDIGPVSVSLLREILSDAQTVIWNGPMGVFELDRFKDGTYQTAKMLAESPALTIAGGGDTDHAIHRAGVYNAIDFVSTGGGAFLELLEGKTLPCIEVLDDEE
SPC_83,Bipolaricaulis anaerobius,Bipolaricaulota_Bipolaricaulis_anaerobius_BARAN1_WP_122030399.1,2.7.1.40,MKRTKIVATIGPRSRDEETLAALIAAGVDVARVNTSYGGHDDHASLAQRVRAAAAAAGRTVALLLDTRGPKVRVGTLADPIPLSPGEEVVLGEGGIPLTHPQAVDGLASGVRILLADGMLELAVVGPVRGGVRCRVIRGGLLHGGKGVNIPGVALSLPALTPFDRESLARAGEMGFDCVALSFVQRPEELAEARRIVGQGLWVLAKVELAEAVRRMQEIVTSSDGAMVARGDLGVEVDLYQVPLVQRRLVDLGNTQAKPVIVATQMLRSMVDSPVPTRAEVADVANAVWDGADAVMLSEETAVGNHPLAAVQAMAAAARAAESGDVPIRVPGLESGLVGEVSAAIACAAGRVAAEVGAQAIVCATTSGWTARLVAAHRPSVPVVATTPHRDVARRLGLVWGVLPREIAPARDEGDLIHSSLTAAREAGAVSPGDRVVFTAGLPFHEPGTTNLVRVLTVP
SPC_84,Bipolaricaulis anaerobius,Bipolaricaulota_Bipolaricaulis_anaerobius_BARAN1_WP_122030582.1,1.2.7.11,MQVKTKPAFEIVPGARHPMEKYLRTDRIPHIWCSGCGLGTVLGNFLYALDELGWDPDEVAVVSGIGCTGRIAGYLKLDAYHTTHGRAIPFATGLKLANPKLHVAVISGDGDLFAIGGNHLIHAARRNLDLTVVCVNNFNYGMTGGQCGPTTPLDGKTTTTPFGNFEHPFNLVHLAASAGASYVARWTTLDGRRLQKGLVEAMAHEGFTFVEVISPCPTNYGRRNRIGEGLDELRYYADHAVIRHGADPKEAEIVSGKPFLVGKFVDVDKPTYHEMYAAKVAEMGGNK
SPC_85,Bipolaricaulis anaerobius,Bipolaricaulota_Bipolaricaulis_anaerobius_BARAN1_WP_122030729.1,5.4.2.12,MKKMTGILVILDGLAGRPTDLNGATCLERAVTPALDRLAARGALGLMDPVAPGVRPGSDTSHLSIFGYDPQRVYTGRGAFEALGIGMDVRGGDVCFRANFATVEERDGELIVLDRRAGRLPDGKPFEEAINGIRLDDFGVEFFFRASTEHRGALVLRGPGLSPAVSETDPHAVGVPVSRAEGHEAGARRTAEIVNAFTRRAHEALRDHPLNRERARRGELPANAILLRGAAAMPHLRPVTDEYGIRGVCIAGGALYKGVARLAGLTVLDVPGATGDLKTDLRAKARAALSAREDSALIFVHIKGTDNAAHDGDAQAKRQFIERADREFFAPLLADLPWDAVHLCVSGDHTTPPAVGEHTADPVPVLFVGPAVRPDGSRAFGERAAGRGGLGRFAGRLVPQLLGYCDLGPKFGA
SPC_86,Bipolaricaulis anaerobius,Bipolaricaulota_Bipolaricaulis_anaerobius_BARAN1_WP_122030746.1,1.2.7.11,MNAEQYLADVELAWCPGCGNFQIRKALAQALSSLGLPPHRVVLVTGIGQAAKIVHYLTVNGFNGLHGRTIAAAAGLKLARPDLTVIAESGDGDLYGEGGNHLLHNIRRNVDLTVIAHDNRVYGLTKGQASPTAPLGYTTRAQPFGSLSSPLNPLALAVALGAPFVAQSFSGEVERTGRLIADAIRHKGFSLVNVLHPCPSWNRVQNFAWYKERLAPLEEGGHDKRDRMKALAVALLGGERIPIGVLYEEERPTFEEQHPVLSGDPVGLRPLPRPEEVRRLVASFS
SPC_87,Bipolaricaulis anaerobius,Bipolaricaulota_Bipolaricaulis_anaerobius_BARAN1_WP_122031011.1,4.2.1.11,MNLIEDVWAREILDSRGNPTVEVEITLEDGTAARAAVPSGASTGTYEAVELRDGDDRYLGKGVQRAVHNVNEIIGPEIEGLDPLWQEEIDALLLERDGTPNKAELGANAILAVSLACAKAAAASLGIPLWKYLAGARPGRMPIPLMNVINGGAHADSGLAIQEFMIVPLGAPVFVEALRYGAEVFHTLRKILTGKGHSVAVGDEGGFAPRLATDEEALRILVQAIGDAGYEPGRDVALALDCAATAFYAPERGIYRLAGERRAADLVELYAQWAKAYPVVSIEDGLAEEDWEGWSLLTDRLGSTIQIVGDDIFVTNPDRLAQGIKRRAANAILIKLNQIGTVTETLRTMDLAHGAGYACIISHRSGETEDTTIADFAVGTGCGQIKTGSVSRSERVAKYNELLRIEDTYAPPMATWPR
SPC_88,Bipolaricaulis anaerobius,Bipolaricaulota_Bipolaricaulis_anaerobius_BARAN1_WP_122031186.1,5.3.1.1,MRTPLVAANWKMHKTIPEARAYLERLLELVGREAGVEVVVIPSFTSLPAAAELLAGTPLGLGAQDAYPEPAGAYTGEVSVTQVADVGVHYVLCGHSERRNLFGEGDELVGRKVQAVVAHGITPILCVGETLDERRAGGVWKVVERQLERGVAGLNDNPRGLVIAYEPVWAIGTGVAAQPSDAQAMAARIRVWLRKRFGARGDRVRIQYGGSVNTDNAGGFLSLPDVDGALVGGASLDPDTFWAIARSAHR
SPC_89,Bipolaricaulis anaerobius,Bipolaricaulota_Bipolaricaulis_anaerobius_BARAN1_WP_122031368.1,1.2.1.59,MAARVAINGFGRIGRIALRIIATGGWPVEVVAINDPFLPAETAAHLLRYDTVYRRPPFPIHVEGEALIVDGRKIPFLAEKEPGNLPWAKHKVDVVIESSGVFTDPDKAEAHLKAGAKRIVLSAPPSGPRKGEVLQILWRVNEGQFAERGKPAIVSAASCTTNSLGPVVKVLHEAFGIEYGFLTTVHGYTADQRLVDAPHKDLARARAAAANIIPTSTGAARSIPAIFPDLAGKLDGIAMRVPVPAGSVSDFVAKLRKPLPGKSAKEAAALVNKAFHAAAQTPLGEAMAVEDDPIVSSDVIGRNHSSVVATSYTMVLSDRLDVVKVLAFYDNEWGYAARLIDVARFVAS
SPC_90,Bipolaricaulis anaerobius,Bipolaricaulota_Bipolaricaulis_anaerobius_BARAN1_WP_122031726.1,2.7.2.3,MELRTVRDLSPRGLKILLRADLNVPLSAGQVAEDGRIRAVLPTVRWLEERGARVAVLSHLGRPDGKVVEELRMAPVAKRFGELLGTDVRALPECVGDEVSRAVEGLPPGGVVVLENVRFHPEEEENDPAFARELAAPFDAFVNDAFATAHRAHASTVGVARFLPAYAGFLMEREVEVLSGIRDNPRRPYHILVGGKKARDKLGVLTDLLPRVDGFLIGGGVAFTFLAAQGHRVGKSVVDESLVDTIRALLRAAKERGTEIVLPEDLVVARELAANAETVVVPANAIPDGWMGLDIGPATVERFAGVVARAGTVVWTGPLGAFEHPPFAAGTAAVARALVSSPAFTVVGGGETGEAVEKLGLADRFGYVSTGGGATLDFLRGKSMPALEPLRAA
SPC_91,Bipolaricaulis anaerobius,Bipolaricaulota_Bipolaricaulis_anaerobius_BARAN1_WP_122031803.1,1.2.7.11,MVKVFARPTSLNEKHFTYCPGCDHGLITRLVAGAIDKLGVQERTVFIAPVGCAVFAYEWFRCDGIQASHGRAAAVATGLKRANPDLVVISYQGDGDLAAIGTAETIHAANRGEAITVIFVNNQIYGMTGGQMAPTTLPGQRATSCPEGRDVSTMGHPLPVAELIATLAAPAYVTRQSLHDPRHVAQATKAIEKALRYQVEGKGYSLVEILATCPTGWRMPPAAAHQHVADVVTGAFPLGDLVDRG
SPC_92,Caldiserica Caldisericum,Zhurongbacteria_Caldiserica_Caldisericum_exile_ZAV-07_PMP67527.1,1.2.7.11,MSVRDELTTYEENTWCPGCGNFGIFTAFKGAIKELENRGVKKSHVLITAGIGCHGKIFDYLNLSGFYSLHGRAVATAQGMKLGNPDLYVVAFVGDGDAMGEGLEHVLFAAKRNADITIIMHNNGVYGLTTGQFTPVSPKGFKGPSTPFGSVEEPLNPIKLVLDAGATFVARGYSAKIKELTNIFVEAILHKGFSFVDVLQPCVSFNDTYELYNKNTFFVDKIATTKEEAIEISNVQDKIPLGIFYKEDKPVHHELLLEGKNLFKESLTKEKRLQKIREFLNI
SPC_93,Caldiserica Caldisericum,Zhurongbacteria_Caldiserica_Caldisericum_exile_ZAV-07_PMP68218.1,1.2.7.11,MNLATDRKIQWCPGCGNFGIYNALKSVLEKEIEEGSIKKENIVLVSGIGCYGYITNYYHLNSFHTIHGRVPPLLTGIKLANPSLIPIGFVGDGDAFAEGMSHTIHIARRNSNTKLILHNNSVYGLTTGQFTPTSPKGFKSRSTPYGNPENPINPITLMLVSQATFVARGFSGDIKHLQYIFEEMMKHKGFAFVEVLQPCVTFNNTYQYYKERVYKLEDTDYKPNDFNVALQKSLEWGEKIPTGIFFKNELPTYEDLVLKEKNLFYERNIPDLKDIVNEFV
SPC_94,Coprothermobacter proteolyticus,Coprothermobacterota_Coprothermobacter_proteolyticus_DSM5265_ACI16869.1,2.7.2.3,MKLRSIRDAEVRNKRVIVRVDFNVPLDAEGNVVDDFRIRAALPTIEYLVENGAKVILISHLGRPKGKRDKKYSLVGVAKRLAELLHKEILFAPDVVGEEVELAVNGLRSGDILLCENVRFHEEEEKNDAEFAKNIASLGEIFVNDAFSASHRAHATVEGITKFLPSYAGFLMEKEVNYLSMLTENPQRPYYLVLGGAKVSDKVALLQNLLPKVDGMVIGGAMVFTFWKAQGKEIGKSIVEDDLVGFAKELLEQATTQNKEIVLAKDFVVADENKEHVEIKAISDFGPADIGYDIGPESIKEFKNALVKARTVFWNGPLGLFEDAKFAEGTKQVGAFLADFPGTVVVGGGDTANAVREMELFEKFAHVSTGGGASLEFLEGKVLPGIAPLVVEG
SPC_95,Coprothermobacter proteolyticus,Coprothermobacterota_Coprothermobacter_proteolyticus_DSM5265_ACI17604.1,4.2.1.11,MEYAESPVIIDVKGRMVLDSRGNPTVEATVLLEDGSMGTAAVPSGASTGTREALELRDNGKEFGGKGVDKAVANINEALAEVVIGMDAYDQAGIDMAMIEADGTENKSKLGANAILAVSLAVAHAAAKSLGLPLFAYLGGVQGKVLPIPLMNVINGGVHADSGLDFQEFMIVPAGFDNYSDALRAGAEVYQVLKSVLKKQGYRIAVGDEGGFAPTLPNHKAALQVLVEAIQTAGYEPGKQVFLALDAAASEFYDGTSYKYEGKQLSSKDMLAVYEEMVSQYPIISIEDGMAEQDKEGWKLITQSLGSKVLLVGDDVFVTNPAIFTKGVEDGIANAILIKLNQIGTLTETLDVIRTAHLVGYRCIISHRSGETEDTTISHLAVATNAGFIKTGAPARSERVAKYNELLRIQEYLGDSAVYFGKVFPWWKAVKR
SPC_96,Coprothermobacter proteolyticus,Coprothermobacterota_Coprothermobacter_proteolyticus_DSM5265_ACI17618.1,1.2.7.11,MPDDLTTYAENTWCPGCGNFGIFNAFKNAVRRLEQEDGISRNNILITAGIGCHAKIFDYLDLSGFYSLHGREIATAQGMKLANPSVTVVAFAGDGDAFGEGIEHLIFAAKRNADITVIIHDNGVYGLTTGQFTPTSPEGFRGPSTPFGSPEEPLNPIKLMLSVGATFVARGFSGKLKELTDVFYQAMKHKGFSFVDVLQPCVSFNDTYKLYNSKVEILPQPVSTVEEAMKLAEQTEKLPIGIFYQVEQVPTYHERLLGDLNIATQRAPKEQRWESIRTLLQQST
SPC_97,Coprothermobacter proteolyticus,Coprothermobacterota_Coprothermobacter_proteolyticus_DSM5265_ACI17700.1,1.2.1.59,MAKVGINGFGRIGRQVFKSLFERYPEIEVVAVNDITDTKTLAFLLKYDSTYGQFNAEIGYDTDHITVDGHQIKVFAEKDPANIPWKDLGVEVVIESTGLFTKAEKARVHIDAGGAKKVIISAPAEGEDITIVLGVNEDKYDPAKHNIISNASCTTNSLAPVAKVINDKFGIEKALMTTVHSYTNDQRILDLPHKDLRRARAAALNIIPTSTGAAKAIGRVIPELNGKMHGIALRVPTPTVSITDLTAVLSREVTTEEVNNAFKEYAEGRMKGILGYTEEPLVSMDFKGTTFSTVVDGLSTFVIGGNLVKVLAWYDNEWGYATRLADLTNFVIERGL
SPC_98,Coprothermobacter proteolyticus,Coprothermobacterota_Coprothermobacter_proteolyticus_DSM5265_ACI17705.1,5.3.1.1,MRYVFGNWKMNGTLAFAEEYVNKLLGEVRPASVQVALFPPFTALSSFQYLVKDSFLKFGAQNMYYEDSGAFTGEVSPVMLKEIGVDYVLIGHSERRHIFLENDEMLMKKVEAAHRHDIPVVFCVGETLEERRTGATKDVLKRQLILVQDILSRGDIVAYEPVWAIGTGVTPTMDEIRESISWVKELLKADLPVLYGGSVNKGNAVDISEVSGVDGVLVGGASLKVEEFAIIIKAFDQNI
SPC_99,Coprothermobacter proteolyticus,Coprothermobacterota_Coprothermobacter_proteolyticus_DSM5265_ACI17786.2,1.2.7.11,MSEAPEKWLRKQYLPHIWCPGCGIGTILRQVIEQFTKLGWRNDEVVFVTGIGCTGRASGYVNAQTLHTIHGRALPTATGIKMARPDMHVVAMLGDGDGVGIGGNHFIHAAKRNIGITAIVVNNRIYGMTGGQVSPTTPSGAKSSTTPYGNVEPAMDVSKLALGAGATFVARAHTANPVYLGQLIRRALEHDGFSVLEVLSQCPTYFGRFNGMPDAVQMLEWFKSNTFMAKSPYEEKEGKIPVGVFRDDKETPELSKSYRQLWEE
SPC_100,Coprothermobacter proteolyticus,Coprothermobacterota_Coprothermobacter_proteolyticus_DSM5265_ACI17845.1,1.2.7.11,MKIVYERPKTLEKVVNHYCPGCHHGILHALIAEVLDEMNLADKTVGVAPVGCAVMAYNYLDIDWIEAPHGRAVAIATGIKLAHPDILVFTYQGDGDAASIGLAETLYGAIRGINVTTFMYNNAIYGMTGGQMAPTTLIGMKTTTSPYGRDPRREGYPVKMAETIALQDGTAFSVRSALFNPKAITETKNHIRHAFELQMNGEGFTFLEVVGTCPTNWGMTPVEASEFAKNEMVKTYPLGIKKDVKRSETR
SPC_101,Coprothermobacter proteolyticus,Coprothermobacterota_Coprothermobacter_proteolyticus_DSM5265_ACI17885.1,2.7.1.40,MKLVKIVVTTGPSLEDLDKIREAAKAGADVFRLNLSHGSYDEHIKRIENIRAVEKEIERPLAILADLQGPKIRITSTVTEEGIALQEGKDIKLRYGSDACTGEVLYVDYPYLVEDVEVGSLVYLDDGKIQLRVISKDNHELTAQVVAGGIVTSHKGISFAGARLRLPALTEKDLKDLDFLCTQDIDFVGLSFVREPEDVMDLRRRLDKAGRNDVGIIAKIERHEALEDLNAIVDVSDAIMVARGDLALDIPLEDLALVQKEIIRICVEKCKPVIVATQMLDSMIERPFPGRAEITDVANAVMDGSDAVMLSGETAFGKYPILAIETMKRIIETAETYPFRTPNFLTPKSVREALVESAVRIAERSGAELLVVATETGASARITSAFRSVVPILAVTHNDRLQRQLCLSRAVIPIKTEASASAEEVLKTSVKWSLDHRIANKGDLLLYIFGDLTGVAGSTNSVKIYRIPTVIGNVEILKPSKGYMVGHYLKRLNGIAYYESGKGEKQFFGKGDKEGDLFGKVVWIQEPNDGAVITVDLETGKIYNGHYVL
SPC_102,Dictyoglomus trugidum,Zhurongbacteria_Dictyoglomi_Dictyoglomus_turgidum_DSM6724_ACK41348.1,5.4.2.12,MKKILYVVLDGLGGTSDPKLNGKTELEVAKTPNMDRLAQKAKLGLMYPIGPNIAPESDAAVLSILGYDVDKYYTGRGPLEAHGADIEVRDGDLAWRANFATVDEETLKILDRRAGRNLSTEEAKALAEEVNQKVKLEDAEFIFKATVGHRGVLVIRSKKGKLSANVENIDPGYKRHGPYSIAISNPPSEVQKCIPLDDSEEAKEAAKLTNEFVIKAFEVLKNSEINKKRKAEGKKPANIILLRDAGDSLPKVPTLQELYGLTFGSIVEMPVERGIALLTGMKEVPIEDATNYKLWADKVIYALEHYDGVYAHLKGPDVPGHDGDYDKKIKSIEDIDSIFFESLLPKLDFSKVVIAVTADHATPCMLKSHSEDPVPLMIITNGITPDGLTYFGESACSKGSIGKIKGTELLPLLVKIAKE
SPC_103,Dictyoglomus trugidum,Zhurongbacteria_Dictyoglomi_Dictyoglomus_turgidum_DSM6724_ACK42410.1,2.7.2.3,MAKKTILDLRDEDLKGKRVLVRVDFNVPLKNGVITDDRRIREALPTIKYLMDKGAKVILVSHLGRPKGFQDDLRLDPVAKRLSELLGKPVKKLNDCIGEEVEREISNMKEGDVILLENIRFYKEEEANDPEFAKKLASLADLYVNDAFGTAHRAHASTAGVAQYIPGVAGLLMKKEIEIMGKALESPERPFICILGGAKVSDKIGVIKNLMNKVDGFLIGGGMMFTFLKALGYEIGKSIVEEDKLDLAREIMNMAKERGIQFLLPKDAVVVKEIKEDAPTSIKDIDKFEKDDIGVDIGPKTIELFREEILKAKTIIWNGPMGIFEIPAFANGTRKIAEAIAENRNCVSIVGGGDSAAAIQTLGLEDKFTHISTGGGASLEFLEGKELPGVAVLQDK
SPC_104,Dictyoglomus trugidum,Zhurongbacteria_Dictyoglomi_Dictyoglomus_turgidum_DSM6724_ACK42412.1,5.3.1.1,MRRKIIAANWKMYKTCAETESFIKEFKELSKGYEEKEIVICPPFTSLYVANKLLEDTPIKLGAQNMFWEKEGAYTGEISPIMLKDLNCSYVIIGHSERRQYFSETNDMINKKLKSAFEYELIPIFCVGEKWEEREKGKTEEVITEQVKKGLQGLEKEKVEKIVIAYEPVWAIGTGHSAKGEDANEVAKLIRRIISEIYDEEVSQKVRIQYGGSVNPQNIKEFLAQSEIDGALVGGASLKPQSFWDIVRS
SPC_105,Dictyoglomus trugidum,Zhurongbacteria_Dictyoglomi_Dictyoglomus_turgidum_DSM6724_ACK42698.1,4.2.1.11,MPAILDVHGREVLDSRGNPTVEAEVYLEDGSVGRAIVPSGASTGSREALELRDNDPKRYKGKGVLQAVKNINEIIAQELIGLEALNQYTVDKTMLELDGTENKSRLGANAILAVSLATARAAAASLGVPLYVYLGGVQARELPTPLMNVINGGKHADNPLDFQEYMIVPLASTFKESLRWAVEVFHTLRSILKSKGLNTNVGDEGGFAPYLEKNEDPLAILVEAIQKAGFEPGKDVALALDLAASEFYEDGKYILKAEGKELTSDEMISLLEYLCDKYPIVSIEDGLSEKDWDGWKKLTDKLGKRVQLVGDDIFVTNPQILAEGIEKGIANAILVKVNQIGSLTETLDTIRIAHQAGYRTVISHRSGETEDTFIADLAVAVNSGQIKTGSLSRTDRIAKYNQLLRIEEDLGEAALYRGILNFKR
SPC_106,Dictyoglomus trugidum,Zhurongbacteria_Dictyoglomi_Dictyoglomus_turgidum_DSM6724_ACK42836.1,1.2.1.59,MAVKVGINGFGRIGRQVLKALFERHGDKVEVVAVNDITDTKTLAHLFKYDSNYGVYKGEVKYTDKSIIIDGKEIRVFAEKDPANLPWKDLGVDIVIESTGLFTDADKAKVHMTSGGAKKVIISAPAKGEDITIVLGVNEEKYDPEKHHIISNASCTTNSLAPVAKVLLDNFGIEKGLMTTVHSYTNDQRILDLPHKDLRRARAAALNIIPTSTGAAKAIGRVIPELDGKMHGVALRVPTPTVSVTDLVCLLQKNVTVDEVNEAFKKAAEGRMKGILGVTEEELVSMDFKGTTYSTVVDLPSTIVIGNNLVKVFAWYDNEWGYACRLADLTAYVAERM
SPC_107,Dictyoglomus trugidum,Zhurongbacteria_Dictyoglomi_Dictyoglomus_turgidum_DSM6724_ACK42950.1,1.2.7.11,MRIEDFENNQIPAWCPGCGNWSILNCLKRVLSELEIKPKDLLMVSGIGQAAKAPHYFKCNLFNGLHGRDIPAAVGAKIANKDLIVICESGDGNTYGEGGNHLIHNIRRNLNIKVFVHNNQIYGLTKGQASPTSDQGMKTKVQPLGVPYKPLNPIALAISQGASFVARSFSGDPDHLVEMMKQAILHKGFALLDILQPCVTFNRINTYQWYKERIYKLGPDYDPTDVMKAFEKSLEWGNKIPIGIIYKNERQTFEEILPQLKGEPLYKKVRSPVEVFEKIVKEFQ
SPC_108,Dictyoglomus trugidum,Zhurongbacteria_Dictyoglomi_Dictyoglomus_turgidum_DSM6724_ACK43068.1,2.7.1.40,MLRKTKIVCTIGPASEREEILRELIKAGMNVARLNFSHGDYNVHGERIRLIRKLSEELETPIPILQDLQGPKIRVGEIENDKVFLKDNEEIALTPKELVGNEKLVSVSYPHLLEDINIGDRILIDDGLIELKVIDKKEDKLICHIIHGGYISSRKGVNFPDSTLRVSPLTEKDKKDVLFGIEKKVDFIALSFVQRASDILELKEFLELHDARIPVIAKIEKREAVNNFREILEVADGIMVARGDLAIEMSNEEVPLIQKKIIRETRLAGKPVITATQMLISMVNNPTPTRAEVSDVANAILDGTDAVMLSNETATGKYPVESVQIMDKIARRVEKEFPYDTFLQESNCHKNITEAITFSTCQIAKEIEASAIVTATHSGFTARHISKYRPKAPIFAITHFPEVQRRLNLSWGVTPLLTEVFYNTDEMFEKSTKILLQKNYVKRGDTIVITAGIPMGISGMTNLIKVHVISDVIGQGHGLGGEAKTAKVIIAKNAKEAISKVTEDVILLIPTFEKELEIILDKLQGIIIEDEKIPPFLIPWRSKGISIIVGAKNLSEKLKDNEIITIDPERGVIYRGVARIY
SPC_109,Carboxydothermus hydrogenoformans,Firmicutes_Carboxydothermus_hydrogenoformans_Z-2901_WP_011343232.1,4.2.1.11,MSEIREVIAREILDSRGNPTVEVDVILEDGTWGRAAVPSGASTGAFEAVELRDNDPQRYLGKGVTQAVENVNSIIGPEILGFDALDQVGIDEYLIELDGTPNKGKLGANAILGVSMAVAKAAANYLGLPLYRYLGGTNARVLPAPMMNILNGGKHADNNVDIQEFMIMPLGASSFSEALRMGAEVFHNLKKVLKGKGYNTAVGDEGGFAPNLKSNEEAIEVIVEAIEKAGYTPGKDIYIALDVAATELYKDGFYVLEGEGVKKSAAEMVEYYEKLCAKYPIISIEDGMSEEDWDGWKLLTERLGKKIQLVGDDLFVTNVERLQKGIDLGVANSILIKLNQIGTITETLNTIELARQNGYTTIISHRSGETEDTTLADLAVAVNAGMIKTGAPSRTDRVAKYNQLLRIEEELDYTAIYKGLKAFYNIKA
SPC_110,Carboxydothermus hydrogenoformans,Firmicutes_Carboxydothermus_hydrogenoformans_Z-2901_WP_028051352.1,1.2.7.11,MAEILTRPESLTKIPFHYCPGCTHGIAHRLIAEVIDELGLMEKTIGVASVGCSVLAYDYFNLDMQQAAHGRAPAVATGIKRALPDRIVFTYQGDGDLASIGMGEIVHAAGRGENITVIFINNSIYGMTGGQMAPTTLMGQKTTTTPEGRTKDNGFPLKVSEMLATLDGVAYIARVALLDPGQVIKAKKAIKTAFTVQEKGLGFSLVEILSTCPTNWGLSPVKALKYVKETMAQYYPPGEFKKPEGVW
SPC_111,Carboxydothermus hydrogenoformans,Firmicutes_Carboxydothermus_hydrogenoformans_Z-2901_WP_028051678.1,5.3.1.1,MRKPFIAGNWKMYKTPVEAAGFVRELIDSLKDVNGVDVAVCPPFPALWPVKEALEGSNIALGAQNMHFEKEGAFTGEVSPAMLQDIGVKYVILGHSERRAYFGETDELINQKIKAAFTWGLNPIFCVGETLEERERGITKAVVEIQVLKGLAGVTAEQAENLTIAYEPVWAIGTGKTATPDDAQEVCRFIRELLVKLFGREIADKVRIQYGGSVKPENIKELIAKPDIDGALVGGASLKVESFTAIVKGSI
SPC_112,Carboxydothermus hydrogenoformans,Firmicutes_Carboxydothermus_hydrogenoformans_Z-2901_WP_028051679.1,2.7.2.3,MNKKSIRDVEVKGKKVFVRVDFNVPLNENREITDDTRIRAALPTIQYLREQGAKLIVASHLGRPKGQFNEKYSLKPVAKRLAELLGIEVKMAPDVVGPEVEKMAGELRPGEVLLLENVRFYPEEEKNDPEFARKLARLAEIFVNDAFGAAHRAHASTAGIASYLPAVAGFLMEKEINFLSRALNNPERPFVAIIGGAKVSDKIGVIENLLGKVDALLIGGGMANTFLKAMGYETGKSLVEEDKVNLAGELMNKAKEVGVKLLLPSDVVVAPRIEAGVPSKIVAVDSIPAEEMALDIGEKTAKLFREEILKAKTVVWNGPMGVFEVEPFDRGTVAVAEAVAESGALSVVGGGDSVAAVEKAGVADKITHISTGGGASLEFLEGKKLPGVEVLNDK
SPC_113,Carboxydothermus hydrogenoformans,Firmicutes_Carboxydothermus_hydrogenoformans_Z-2901_WP_028051680.1,1.2.1.59,MPVKVGINGFGRIGRNMFRAALNNPEIEIVAVNDLTDAATLAHLLKYDSVHGIFAADVEAKDDAIVVNGKEVKVYAEKDPANLPWKELGVEIVIESTGKFTKKADAVKHLEAGAKKVIISAPATDEDITIVMGVNEDKYDPANHHVISNASCTTNCLAPVAKVLHEKFGIVKGLMTTVHSYTNDQRILDLPHKDLRRARAAATSIIPTTTGAAKAVALVLPELKGKLNGFAMRVPTPNVSVVDLVVELEKPATKEEINAALKEAAEGELKGILGYTELPLVSVDFNGNPLSSIVDGLSTMVIEGNMAKVIAWYDNEWGYSNRLVDLATYIAKKGL
SPC_114,Carboxydothermus hydrogenoformans,Firmicutes_Carboxydothermus_hydrogenoformans_Z-2901_WP_028051835.1,1.2.7.11,MKVNYPQIPKSWNIESKPHKFCPGCGHGIALKALGMVIDELGIQDKTVFGVDIGCSLLAWDFFNVDTIQTHHGRTTPVITGIKRANPELITIAYMGDGGGYAIGSQHLVNAAARNEKITVILINNTNYGMTGGQMAPTTLPGQKTETTPYGRDVDETGYPTLGPEMVAAIAREGAYVARGTVANLRQLKGFIKKAIENQMAGNGFSFVEVLSGCPTNWRTNAKETWDFIENTMTQYFKVGELKVPGKGE
SPC_115,Carboxydothermus hydrogenoformans,Firmicutes_Carboxydothermus_hydrogenoformans_Z-2901_WP_028051930.1,1.2.7.11,MFKRPALLTEKNFHYCPGCHHGIMHRLLAEVLEEFNSEETIGVSSVGCSVFIYDYIDIDWVAAAHGRAPAVATGVKRVKPDRLVFTYQGDGDLAAIGTGEIVHAAARGEKITAIFINNAVYGMTGGQMAPTTLTGQKTTTTPEGRNPAHQGYPVKMVEMLSVLDGVAYAARVALNTPKRILEAKKALRKAFKVQRANLGFSIIEVLSACPTNWGVSPVEALKWVDEKMIAYYPLGEYKTPQEGVE
SPC_116,Carboxydothermus hydrogenoformans,Firmicutes_Carboxydothermus_hydrogenoformans_Z-2901_WP_028052309.1,2.7.1.40,MKRTKIVCTIGPASNDVGILKEMIISGMNVARINFAHGSHEEHRERIEKVRRASLEVGIPVAILIDTKGPEIRIGKVENGKIVLKEGDLVVFDPDIAEGQGLRVPVNYPGLARDVNVGGTILLDDGLIELKIEDIQGNKVIARVITGGELSNNKGVNLPGVKVNLPALTEKDRKDIDFGIEIGADFIAHSFVRKAADVLALRRYLEEKGADMEIIAKIENQEGVENIDEIIKVADGIMVARGDLGVEIPTEDVPLVQKEIIEKCNKNGKPVITATQMLDSMIRNKRPTRAEATDVANAIFDGTDAVMLSGETAAGKYPVEAVKTMARIAEKAEEKLLTLRKLNKPTTKSFKTVTDAISHASVTTAEELDAGAIITPTSSGYTARMVSRYRPAVPIIAATPDMKVLKKLTLVWGVFPLLVKTSDSTDEMLSKAIEASLESGLLKPGDLVVLTAGVPVGVKGTTNLLKVHVAGNVLAKGVGIGTRPITGTARVCRTAREAIERIQPGDILVTEATDRDFVSAIEKAAGLVVEAGGLTSHAAIAGLEFGIPVIVGVDGATSIIKDGEKLTLDPQRGLVYHGSAKVL
SPC_117,Leptotrichia goodfellowii,Fusobacteria_Leptotrichia_goodfellowii_DSM_19756_KI911785.1_404,4.2.1.11,MTRIEDIYAREILDSRGNPTVEVEVFLEGGAMGRASVPSGASTGEHEAVELRDGDKSRYLGKGVLKAVENVNTVLAENLIGMDALDQVAIDKAMIELDGTPNKGKLGANAILGVSLAVAKAAANQLGIPLYRYLGGVNAKELPVPMMNILNGGSHADSAVDVQEFMVQPVGAKTYKEALRMGAEIFHHLGKLLKANGDSTNVGNEGGYAPSNINGTEGALDIISKAVEAAGYKLGEEITFAMDAASSEFATKEGDKYVYTFKREGGVVRTSEEMVEWYAGLCAKYPIISIEDGLAEDDWAGFKLLTEKLGKKVQLVGDDLFVTNTERLSRGIKEGIANSILIKVNQIGTLTETLDAIEMAKKAGYTAVVSHRSGETEDDTIADIAVATNAGQIKTGSASRTDRMAKYNQLLRIEDDLAEEAVYEGKAAFYNIYK
SPC_118,Leptotrichia goodfellowii,Fusobacteria_Leptotrichia_goodfellowii_DSM_19756_KI911785.1_41,1.2.1.59,MAVKVAINGFGRIGRLALRLMANDPEFDVVAINDLTDAAMLAHLFKYDTAQGRFDGEIQVKENAFVVNGKEIKTFADADPENLPWGQLGVDVVLECTGFFTSKEKAEKHIKAGAKKVVISAPGSGEMKTVVFNVNNNILDGSETVISAASCTTNCLAPMAKVLQDKFGIEVGSMTTIHAYTGDQNTLDAPHRKGDFRRARAAAANIVPNTTGAAKAIGLVIPELAGKLDGAAQRVPVPTGSLTELISVLNKKVTKDEVNAAMKAASNESFGYTEEPLVSSDIVGIHFGSLFDATQTKVIESGDKQLVKTVSWYDNEMSYTAQLVRTLKYFVELAK
SPC_119,Leptotrichia goodfellowii,Fusobacteria_Leptotrichia_goodfellowii_DSM_19756_KI911785.1_493,5.3.1.1,MRRVIVAGNWKMNKTAKEAAKFISELKPLVTDVKKTGIVIGAPFTALESAVKEAAGSNVKIAAQNMNPNDNGAYTGEISPLMLKDLGVEYVILGHSERREYYGETDKFINEKVKAALKHGLKPILCVGEKLEERENGTTEKVVKEQTVGGLEGISAADMANVVIAYEPVWAIGTGKTASPAQAQEVHAFIRKLLTDLYGAEVAENVTVQYGGSMKADNAFELISQKDIDGGLVGGASLEAGSFAEIIKAGDSI
SPC_120,Leptotrichia goodfellowii,Fusobacteria_Leptotrichia_goodfellowii_DSM_19756_KI911785.1_756,2.7.1.40,MKIKMTKVVCTIGPKTESVEMLTKLVESGMNVMRLNFSHGDFEEHGTRIKRIREVMEKTGKNIGILLDTKGPEIRTGKLEGGKDILLEAGNTIAITTDYSHVGNKDKISVSYPGIVDDLKPGNTVLLDDGLVGLEVTEIKGNEIICKVINTGELGETKGVNLPGVSVGLPALSEKDIADLKFGCEQGVDFVAASFIRKASDVAEVRKVLDENGGANIKIIPKIENQEGVDNFDEILELSDGIMVARGDLGVEIPAEEVPFVQKMMIRKCNAAGKPVITATQMLDSMIRNPRPTRAEAGDVANAILDGTDAVMLSGESAKGKYPVEAVQMMASISKRTDEFKKFKNIVVPQVGSVTVTEAISLGAVESTQLLDAKMIICWTKTGRAARMLRKYGPTVPIIALTDSEQTARQLALVRGVRAYVEKNLDKTDDFFRKAKEVASKHEEVKRGELVVLVTGISETGTTNTFKVARIGEDY
SPC_121,Leptotrichia goodfellowii,Fusobacteria_Leptotrichia_goodfellowii_DSM_19756_KI911785.1_92,2.7.2.3,MAKKTLKDLDVKGKKVLVRVDFNVPIKDGVITDDNRIIAALPTLKYILENGGKVIAFSHLGKVKAEEDKVSKTLAPVAKRLEEVLGKPVKFIPETRGAKLEAAINELKDGEILMFENTRFEDLDGKKESKNDPELGKYWASLGDVFVNDAFGTAHRAHASNVGIASNLKESAVGFLVEKEIDFIGGAVDNPVRPLVAILGGAKVSDKIGVIENLLDKADKVIIGGGMMFTFLKAQGKNTGASLLEEDKVELAKSLIEKAKTKGVELVLPIDTVVAKEFKNDTEFKTVSVDDIEDGWMGLDIGEKSIALFKEKLNGAKTVVWNGPMGVFEMPNFAKGTIGVCEAIANLSDAKTIIGGGDSAAAAIQLGYAEKFSHISTGGGASLEYLEGKELPGVAAISEKKSCCCGH
SPC_122,Thermanaerovibrio acidaminovorans,Synergistetes_Thermanaerovibrio_acidaminovorans_DSM6589_ACZ18558.1,4.2.1.11,MSSVITNIRALEILDSRGNPTVRVRLELECGIRVSASVPSGASTGENEAVELRDGDKGRYGGKGVLQAVANVNDVIAPAVIGMDCRDQAAIDRAMIELDGTPNKGKLGANAILGVSMAAAKAAAEYCDLPLYAYLGGPGAVTLPVPMMNILNGGKHAENSVDFQEFMVFPLGASSFREALRMGAETFHALKGILKKKGYAVGVGDEGGFAPDLKSNEEACDVIVEAIRAAGYEPGKDICLALDPAASSFFSGGSYMLDKSGQGKKSTDEMIDLFDRWCSAYPIASIEDGLDENDWDGFAKMTARMGHRVQIVGDDIFVTNPDFVRRGIKAKAANAVLIKLNQIGTVTETMETIELCRRAGWGYVISHRSGETEDTFMADFTVAMGGGQIKTGSACRSERIAKYNRLLEIEEDLGRLARFGRIS
SPC_123,Thermanaerovibrio acidaminovorans,Synergistetes_Thermanaerovibrio_acidaminovorans_DSM6589_ACZ18822.1,1.2.7.11,MTFQVVMKRPESLTMREFTYCPGCTHGVIHRLVAEVLDELDMRENTITVAPIGCSVFAYEFFDTDGTIAAHGRAPAVATGIKRARPDLYVFTYQGDGDLGAIGTAEIVHAANRGEKITTIFVNNAIYGMTGGQMAPTTLLGMKSTTTPYGRKAENDGYPLRVSEIIKETRGVAYLARTKVNTPQDVRKTKEAIRKAFLAQVRGIGFGMVEVLSTCPTNWGMDPVKSLKWLEENMVPEYPLGVFVDKVGE
SPC_124,Thermanaerovibrio acidaminovorans,Synergistetes_Thermanaerovibrio_acidaminovorans_DSM6589_ACZ18851.1,1.2.7.11,MDPRVFDVPGDNSWCPGCGNFPILDCLKSAVAGLGLAPKDVVVVSGIGQAAKLPHYFRSHFFNGLHGRAIPVATAIQAANPSLKVICVGGDGDMYGEGGNHFIHAVRRNPDILHMVHNNMVYGLTKGQASPTSPRGMVTPVQVDGVSSEPFNPLSVAVALGASFVARVFCADKEMMVRVLQEAINWEGYALVDIFQPCVSFNKINTYQWFKENTVPVGEDHDPHDREAAMRLALSGPPYPVGVIYRNKGVPFHRNLAPYADGDQTPLYRRSRSVEEVDSFLERYR
SPC_125,Thermanaerovibrio acidaminovorans,Synergistetes_Thermanaerovibrio_acidaminovorans_DSM6589_ACZ19066.1,2.7.1.40,MRRVKIVCTLGPACSDYDVLRAMAEAGMNVARFNFSHGEYETHELNLKLVRQVEQEIRRPIATLLDTKGPEIRTGLLKDHAPVILHQGKPFDLVVPQIDGDERGVSISYPNITSEVSPGMDVFIDDGTIHLRVERVYEDRVSCKVLVGGELGERKGVNIPEATLSVPTLTSKDIEDIRWGVEKGMDYIAVSFVRTRDDIIQVRRVLEELGGTMKIIAKIETRQAFQNLEEIAQVVDGMMVARGDLGVEMPTEDVPLAQKRIVDICRLQGKPVIVATQMLDSMIRNPRPTRAEANDVANAVLDGADAVMLSGETAKGKYPVQAVETMSRIVNRAEKEMRLWQRYQQVQVANHVADAVSHAAMTIAEDMKAAAIISLTRSGSTARMVSKYRPQCPIVAATPSKNTWRELALMWGVYPVMRDEASNAEEAVEAAMAAALEEGFVSEGDLVVITAGVPVGIPGTTNMVQVYTIGQILVKGLSLIKREASGFVCRCRSAKEALEKMRPGDVLVVEQTDKDYVPAMKKAAAIITEEGGLTSHAAIVALELGIPCVVSAKDCMKLLQDGMLITVDGTRGVVYQGRVKLR
SPC_126,Thermanaerovibrio acidaminovorans,Synergistetes_Thermanaerovibrio_acidaminovorans_DSM6589_ACZ19122.1,1.2.1.59,MGKIKVAINGFGRIGRLSLRAFFQKQDNEFEVVAVNDLTPPSSLAYLFKYDSVFRRFPGQVEVDGDVLVINGHRIKALAEPDPTKLPWKDMGVDLVIESTGRFTDATKAKAHMEAGAKKVVITAPATDEDVTIVMGVNEGDYDPAKHHVVSNASCTTNCLAPVAKVLHERFGIVKGLMTTAHAYTNDQKTLDFPHKNLSRGRAAALSIIPTSTGAAKAIGKVMPELKGKLNGFALRVPTPDVSVVDLVVELSKNATAEEINAAVKEYAEGPLKGILAYEPEDLVSMDFVQDSHSSIFAPKHTMVIDNMAKVLAWYDNEWGYSCRVVDLVNYMVKKGL
SPC_127,Thermanaerovibrio acidaminovorans,Synergistetes_Thermanaerovibrio_acidaminovorans_DSM6589_ACZ19123.1,2.7.2.3,MSIRTFSAHQVRGKRVLLRVDFNVPMKDGRVYDDTRIRAHLRTIEALRDAGAVVCMASHLGRPKGKRNMEFSLGPVRDELVKLTGWKVRMAEDCVGDPVKDALASLEEGEMLLLENLRFHPEEEKNDPEFARLLAEPFDVFVMDAFSAAHRAHASTRGVADHLETYAGYLMEQEIAALSKVRDNPDSPFVLILGGAKVSDKIGVIDNMLDKVQTILVGGGMAFTFLKAQGHEIGKSLCEEDKVEFARSMMEKASSKGISIVLPSDVVVADQLSPEAQPAVVEVGAIPSDKMGLDVGPGTADAFGKVIAGAKTILWNGPMGVFEIPQFAHGTKKVAEAIAVAVQGGAVSVVGGGDSAAAVAAFNMEDKVGHVSTGGGASLEFFEGKGLPGVEILLD
SPC_128,Thermanaerovibrio acidaminovorans,Synergistetes_Thermanaerovibrio_acidaminovorans_DSM6589_ACZ19124.1,5.3.1.1,MFRPHVVAGNWKMHKGVGEAESFVRQLEDRLEEPSRRDLIEEDLLEVVIYPTALCVHSCLISRSSDLIQVGAQNGHWEIKGAYTGEVSIGSFAEEGCGYILIGHSERRSLFGETDQDVRRKVEAVMGTGAKAMVCVGELLSEREEGRTFQVVGSQVRSAVNGLPEEFVSKRLTIAYEPVWAIGTGRTASASDAQEVCAHIRGILKEIFGPQVANGVRILYGGSVKRDNTFDILKEPDVDGLLVGGASLEVDSFLGIVDEAIRAMGAKGLKGPIK
SPC_129,Thermanaerovibrio acidaminovorans,Synergistetes_Thermanaerovibrio_acidaminovorans_DSM6589_ACZ19197.1,1.2.7.11,MPREDVMKWLRSQFMPHIWCPGCGHGIVMHALLRALSDLQKDPTKTVISSGIGCSSRLPGYVNACTLHTTHGRSLAFATGVKLANPELTVVDVMGDGDCSAIGGNHFIHACRRNIGITAIVMNNNIYGMTGGQASPTTPHGAYASTTPYGAIDPAFDLCKLAIGAGATYVARATIAQPQLCETLIKKAIQNDGFSVVEIVTHCHTQFGRKNKRSRPLDNFNFFKDHSVMKAKADTMSPEELEGKIVIGELHNVKGEEYTHRYQQLIERVRG
SPC_130,Thermodesulfatator indicus,Thermodesulfobacteria_Thermodesulfatator_indicus_DSM_15286_AEH44085.1,5.4.2.12,MKYIVLLGDGMGDFPLKELEGKTPLEAALTPGMDFIAQHGDLGLVQTVPPGMEPGSDVANMSLIGYRPEYQYTGRGPIEAASLGLSLRPEDVAFRCNLVTIKKVDDHYIMYDYSAGHISTEEAHVLIKELNEHLSSDKLFLHPGKSYRHILVWRGGPEGIKTYPPHDLLGRDIYEAWLVYENEPILRDFLLKAMAFLEKHPINIKRKEEGKPPANALWPWGQGRMPRLEPFEEKWGLKGAVVAEVDLIKGLGVLAGLRIINVPGATGYLDTNYEGMAMAAIEALKEDIDFVFLHIEAPDEASHEGSLDLKIKAIQDFDRYVVRTVLEEATAQIGEYRLMVVTDHYTPISLRTHASRPVPFAIYDSRHPQIKRSQGYNEKDASETGLFFKTGEKLLSLFLEREPRLPEE
SPC_131,Thermodesulfatator indicus,Thermodesulfobacteria_Thermodesulfatator_indicus_DSM_15286_AEH45274.1,1.2.1.59,MPVKVGINGFGRIGRAVFRAFLKYPEFKDIEIVGVNDLTDTKTLAHLLKYDSLFGTLPNEIKATDDSIIVDGKEIRVFSEPEPGKIAWAEVGAEYVIESTGRFRDANLARAHIEAGAKKVIISAPAKNEDFTVVMGVNEEDYDPLKQHIISNASCTTNCLAPVAKVLLDRFGIKRGLITTVHAYTNDQRILDFPHKDLRRARAAAVNMIPTKTGAAAAVGKVIPELVGKFDGLAVRVPTPDVSLVDLVVELETETTVSEVNELFKASQNRFLAYTEEPLVSNDFLGNPHSAIVDGLCTKVIEGRMVKIMAWYDNEWGYSNRLLDLILYMESKKV
SPC_132,Thermodesulfatator indicus,Thermodesulfobacteria_Thermodesulfatator_indicus_DSM_15286_AEH45276.1,1.2.1.59,MKLGINGLGRIGKLTLWHHVARKSFKEIVVNLGRQAGTSLQDVANYIEKDSTYGWLPVYLHGYRSGRVIENLNEAEGTMTVDGVPVRILREHRNPADIGWKKYDVRLVIDSTGRFRDPTTDPEASGGALRGHLAAGAEKVILSAPFKIKDKELGMPEDAVTVVYGINEGDFLPEKHQVISAASCTTTCLAYMIKPLLDYFGADRILSASMVTVHAATSSQAVLDRVPKAGATDLRKIRSIFNNIILTTTGAAKALSLVIPEMKKIGFIAESVRVPTSTGSLIILVINIQEESLENRVTRNVINKIYEEAAKGPYHPYLMFTMEQNVSADIIGYPKAAAIIEGEETHTRTGLVKVDLTKACGPDGQKIEGLTCAQIEIPVTQAVIYGWYDNELGSYTYMLGELTLHIAQQIL
SPC_133,Thermodesulfatator indicus,Thermodesulfobacteria_Thermodesulfatator_indicus_DSM_15286_AEH45277.1,2.7.2.3,MKTIEQLSISEKRVFIRVDYNVPLENGQVADDTRLRATLATLKYALSKKAKIILASHLGRPKGKRVLELSLAPVAKKLSELLGQEVKFAPDCIGEEVERMVFSLAPGEILLLENLRFYEGETKNDPEFAKALAKLAEVYVNDAFAVCHRAHASVVGVPSYVSECGAGFLLAREIKYLSALLEKPKKPVALVIGGAKVSTKVGVLMNLLPRLDKLIVGGAMANTFLVADGHTVGTSFYEEEFVEEAKKILTTAQEQGVKVYLPVDLVVADDKEATEAENVSIFEVPADKAAFDIGKETRKLFAEALAGVATIVWNGPLGLFENELFAKGTIKVARKSAAQNAITMAGGGDTLRALKMAGVARAFSYLSTGGGAFLEFLEGKKLPGIEVLEKKS
SPC_134,Thermodesulfatator indicus,Thermodesulfobacteria_Thermodesulfatator_indicus_DSM_15286_AEH45278.1,5.3.1.1,MKRRPLIAGNWKMHKTVPETLAYIEAFKSLVAGVEDRDIMLAPPFTSLDAAERALEGTNIYLGAQNCHWADEGAFTGEISPKMLADIGVTYVIIGHSERRHIFGETDKVIRQKIEAVLKYDLIPILCIGETLEEREAGKTLKVLETQLKEGLKGFSVADLKSLVVAYEPVWAIGTGKTATPEQAEEAHAFVRKILAEMFNQEFADNLRILYGGSVKPENVVGLMARPDIDGALVGGASLKPDVFAKIVCFGRME
SPC_135,Thermodesulfatator indicus,Thermodesulfobacteria_Thermodesulfatator_indicus_DSM_15286_AEH45865.1,5.4.2.12,MSLRRCILLLLDGLADRAHSVLDNKTPLQAADTPNLDYLAKKGLCGLMHAARPGVPLPSEIAHFAIFGYGKEFPGRGPLEALGAGIDLTPGEVAVLARLVSVEVKNGGLYILEDKFNITDEEKEAIFSAIPRVSTEEIEISFKPISGVRGVLLLKGKVSSHFSDIDPLKKNAPVFEIEPLCSETNTLKTVRALKDYLIQVWRTLEKHPVNEKRRQKGLPPLNFLITHRAGMMGKVEPFPERWGLSAATISSGVIYWGIGKYLGFHVEKAKEIGNVAEEFSWRLKRLRELSDGFSFIHVHHKGPDEAAHRKDPVLKKQVIEALDAVIGENLDWLTSPENLLVVTSDHATPSSGPLVHGGEPVPILIYGAGLWQDKVNEFSEIACAEGALGRIEAKDFMYLILNFLETAVLGGLCYGKVPRPYFPKKTKIFKV
SPC_136,Thermodesulfatator indicus,Thermodesulfobacteria_Thermodesulfatator_indicus_DSM_15286_AEH46018.1,4.2.1.11,MGEIVQISAREILDSRGNPTIEVEVWLEGGAYGRAAVPSGASTGTYEALELRDKDDSRYFGKGVLRAVDNVNNVIAPELVGMESTAQAEIDQYLIELDGTENKRRLGANAILGVSMAIAQASAQEVGLPLYAYLGGVGAKILPVPLMNVINGGVHADNALDIQEFMIVPLGAPSFAEALRYGAETYHVLKKLLKEKGYRTSVGDEGGFAPEINSTKEALEILVTAIEKAGYRPGKDIALALDAAASEFFKDGKYHLEGKELNADELVAFYEELVKEFPIVSIEDGFAEDDWDGWKLLNERLGHRVQLVGDDIFVTNIKRLSRGISENVANAILIKLNQIGTVSETLDAIRLAQTSGWRTVVSHRSGETEDTFIADLAVAVNSGQIKTGAPCRSERVAKYNQLLRIEDDLGGAAEFAGPRAF
SPC_137,Thermodesulfobacterium commune,Thermodesulfobacteria_Thermodesulfobacterium_commune_DSM_2178_AIH03456.1,5.4.2.12,MGRKKKKEAVDLEQYKLEGEELREENLEGYKYAMIIGDGMGDFPVKELDWKTPLEVAITPGMDFIASYGMIGHCQTVPPGMHPGSDVAIMGLLGYPPEEKYTGRGPIEAASRGIVLKPEDVAYRCNLVTLKLEGEELIMEDYSAGHISTEEAIELIEAINRNISNEKIEIIPGVSYRHILIWRGGSGGLHTYPPHDLLGKNVWFAFTSYDEEPFLKDYILKAIEILEKHPVNQRRKMENLLPANAIWPWGQGRTPNLEPFEEKWHLKGAVISAVDLIKGLAVLSGMSVINVPGATGYLDTNYEGKVDYAVEALKEYDFVVIHVEAPDEVSHEGSLEKKIKAINEFDRRVVRYFMERIIEITDKYRILVCCDHLTPISIRTHSSKPVPFAIFDSVRDKEKKKDLKFSEKEAYRSPYYIKSGPELLEIFLQRKPKIEHQREE
SPC_138,Thermodesulfobacterium commune,Thermodesulfobacteria_Thermodesulfobacterium_commune_DSM_2178_AIH03739.1,2.7.1.40,MKKTKIVATIGPKTQNLTLIKKLIKAGVNVFRLNFSHGDHEYHKQSIKLIRRASAELKLPVGILQDLSGPKIRIGEVKKPFLVHAGEILELHKTKILGEKTGDCFKVSVEYPEILEDLKEKDLIYVADGLIKLRVIKVLEDRVITEVLQGGVISSKKGLNFPGVSLSIPAFTPKDREDLLFGLQNEIDFVALSFVNRKEDVLACKEVIEKFGKGQPVFAKIETQTALENIEEILEVADGLMVARGDLGVEVPIERVPVIQKVLVEKGRKLGKPVIIATQMLTSMIDSTMPTRADVSDIANAVLDGADALMLSDETAIGNFPVECVKMMVKIIKEAEKLYPYLKETYQEVSSDFAIAYSSCVLASEVKAKAIVVFTKSGSSAMRIAKFRPKELILANVHDEEILRRLTVVWGVYPCFVLSEVKTIDSMVKEFLVRAYQQRLINKKDTLVLTMGYPVGKVGSTNLIRLIKPDQIQALLES
SPC_139,Thermodesulfobacterium commune,Thermodesulfobacteria_Thermodesulfobacterium_commune_DSM_2178_AIH03748.1,5.4.2.12,MGLVEKLIKKGDAKIVKVVLDGVGDLPVKDGKTPLELAYTPNLDQLAKKSATGLHIPVDYGITPGSGPGHLGIFGYDPSQVTIGRGVLEALGVGIELKDTDIAVRGNFATVEYQNQNPIVIDRRAGRIPTEENQRLIAKLSEKIKNIDGVEVILKSGMEHRFVVVFRFQEKLSDLVNKLNDTDPQVLGKPPIPVSSPYPELKKVVEVVSKFIDQASEILKDEPKANYVLLRGFSVKPDLPTLQQRFGINPCCIATYPMYKGLASLVGMKVVPVKGTDLKDEIQALKEVWETYDYFFVHIKKTDSYGEDGNAEAKIKTIESFDQYLLEILDLNPQVLCITGDHSTPCIMKAHSWHPVPTLVWSPYVLGNTSERFTERECLKGELGIFYAYKLMPLLLAHAGRLKKFGA
SPC_140,Thermodesulfobacterium commune,Thermodesulfobacteria_Thermodesulfobacterium_commune_DSM_2178_AIH03932.1,1.2.1.59,MKLGINGLGRIGKLTLWHHIARKYFDEIVVNVGREVGTSFADIASYIEKDSTYGWLPVYLYGHKGKRVIENLDEKEGTMYIDGIKVKVLRTSRNPKNINWREEGVKLVVDCTGKFRDPNTDPEDSKGSIRGHFLGGAEKVILSAPFKIKDKEKGIPEDAITIVYGINEEVYQPNKHNLISAASCTTTCLAYMIKPLLDYFGVDRILSASMVTVHAATSSQVVLDRLPKEGAKDLRRMRSIFNNIILTTTGAAEALSLVIPEMKKVGFMAESVRVPLNTGSLIILTVNIQDESIENHIDRELINNIYKEAANTKYKDFLIFTTEQNVSSDIIGYPKAAAIIEGSETHTRTATAKVDICKALPEGNSMTCTHVEIPITQVVIYGWYDNELGSYTNMLGELTVYIAEKMI
SPC_141,Thermodesulfobacterium commune,Thermodesulfobacteria_Thermodesulfobacterium_commune_DSM_2178_AIH04058.1,1.2.7.11,MSKPFQVPKSLKKTPFHYCPGCQHGVAHRLVCEVIDELGIQDKSLAISSIGCSVFLYFYIDVDMTEAPHGRACAAATGAKRARPDLVVFTYQGDGDFAAIGFNESFQAAARGEKITSIMINNTIYGMTGGQASPTTLPGQKTTTTPAGRDPETFGYPPKIAEILATLEGVAYSARVALNSPKRIVEAKRAIKNAFLAQINNLGFGFVEILSTCPINWKMDPVSAVKAVDKVIEYFPLGIFKDKVTPFLKNQK
SPC_142,Thermodesulfobacterium commune,Thermodesulfobacteria_Thermodesulfobacterium_commune_DSM_2178_AIH04344.1,5.3.1.1,MKKVLLAGNWKMHKTLSEVKAYFEKFLKDLETIDLSAKEIMIAPPFTALAYSRKLTEGSPIKLGAQNACWEEKGAFTGEVSPLMLKELGVEYVIVGHSERRHIFGETNELVGKRAEGVFRFGLTPILCVGETLEERQQNKTLEVIKSQLEAGLNGIKEVGGRDLVIAYEPVWAIGTGITATPEQAEEVHGFIRDFLSGLYGKEKAETIRILYGGSVTPENIESLIKQPNIDGVLVGGASLDPDKFLKICAVAL
SPC_143,Thermodesulfobacterium commune,Thermodesulfobacteria_Thermodesulfobacterium_commune_DSM_2178_AIH04345.1,2.7.2.3,MLKTLRDFDLKGKKVFIRVDFNVPLENGKILDDTRIVESLSTITHVLHSYGKVILCSHLGRPKGKRVPEFSLRPVYEYLKTVFKDREVKFLEDFLSPEAEKELENLKEGEILLLENIRFYEGETKNDPDFAKALAKFADIYINDAFSVSHRAHASVVGVPLLVKEKGIGFQMEKELKYLSKIVGKPERPFYAVVGGSKVSTKIGVLKSLLNKLDKLIIGGAMANTFLAAKGYSVGDSFVEEEYIEVAKEILKEAKEKEVKIYLPVDVVVENNGQVLAKGLREIVKEDKVFDIGKETVKLFCRSLDGAKTVVWNGPLGYFEKPPFDYGTVEIARKIASLTCTTIAGGGDTLSAIKYACVETGFSYVSTAGGAFLEYLEGKDLPGILALTK
SPC_144,Thermodesulfobacterium commune,Thermodesulfobacteria_Thermodesulfobacterium_commune_DSM_2178_AIH04413.1,4.2.1.11,MGKIATIRAREILDSRGNPTLEVEVWLDSGFYGRAAVPSGASTGKYEALELRDGEKERFFGKGVQKAVFNVNEIIAPQLEGLDSGRQTEIDKLLCELDGTENKSNLGANAILGVSLACARATAEELGMPLFAYIGGIRARTLPVPFMNVINGGVHADNPLDFQEFMIAPWGAKSFAEALRMGAEVYHALKSILKQEGLSTSIGDEGGFAPQIRLPEEALEYLIKAIEKAGYTPGEDVALAMDVAASELYQDGVYFLKGIDKKLSTEEMVEYYERLVNNYPIISIEDPLSEEDPEGFKLITQRIGNKVQIVGDDIFVTNPKKIKWGIENKMANAVLIKLNQIGTLTETIEAVELAYKHKWNCMISHRSGETEDTFIADLAVALNTGLIKTGAPARGERVAKFNQLLRIEEYLGDASIFAGKQILSNL
SPC_145,Thermodesulfobium narugense,Firmicutes_Thermodesulfobium_narugense_DSM14796_AEE13991.1,1.2.7.11,MSNQILERPKSLTEKQFHYCPGCHHGIIHRLIAETIDEFDLREKTIVVQPVGCAVYIYEYFDTDVSEAAHGRAPAVATAIKRVSKDKFVLTYQGDGDLAAIGTAEIIHAAARGENICVFFVNNAIYGMTGGQMAPTTLPGMKTATTPFGRDVKKQGYPIKVSEMLAPFDGVAYVERVMVSSPKHVIRAKSAVRKAFKYQLQEKGFSLVEFLSACPTGWGMPPVEAAKWVEENMAKQFPLGVYKEVGLDD
SPC_146,Thermodesulfobium narugense,Firmicutes_Thermodesulfobium_narugense_DSM14796_AEE14069.1,1.2.1.59,MKVAINGFGRIGRLVARISSDYDDIDIVAINSSRNTAMLANLLKHDSVYRTFDKEVGYDSDSLYINGKRILVFEERSDISKLPWKDLNVDIVVESTGKFTKREDAYKHVIAGCKKVLISAPSKDADCMVVYGVNHKDISPSFEVISAASCTTNCLAPVCKVLNDEFGIEKGVMTTVHAYTSDQRLLDGTHKKDPRRARAAAINMVPTSTGAARAIGKIFPELEGKLDGISLRVPVPTASIVDLSVNLKKNPDVEDIRQAFKNYSEGLMKGILYYSQEPLVSSDIIGSKYSSIVDGLLISKVQDIYKVFSWYDNEFGYANRIVDLIKFLSGGGD
SPC_147,Thermodesulfobium narugense,Firmicutes_Thermodesulfobium_narugense_DSM14796_AEE14070.1,2.7.2.3,MRLFDRASLLDYPIYKLQGKRVFVRADLNDPADSEGNLTGDMRLRAVAPTLAYLCAARAKVILASHFGRPKNKEANFSLKGVRKRLSEMLRFDINFIPECNGKELEEFVLNELKDGEILLIENLRFCPGETKNDMQYARFLASLGDVFVQEAFGACHREHASIASLPKLLPSFAGFLLEKEVVALSKILKSPERPFLLILGGKKVSDKIKLINNMIEKVDSICIGGGMAFAFLRANGYDVGKSFVEESIDDIARQILYKAGEMGKKIILPVDVLVAKDIISGSECKLVDAHRIPADWYGVDIGPKTLELFKEEILKAKTILWNGPMGVFEIPEFSWGSRALALAVALSDAVSVCGGGDTSDVLRLTNMVNYFSHVSTGGGAALKFLEGENLPGIDALPKVM
SPC_148,Thermodesulfobium narugense,Firmicutes_Thermodesulfobium_narugense_DSM14796_AEE14522.1,1.2.7.11,MLSYKDFDNGTVPAWCPGCGNFAILDAFKKALLELGIEPYEITLVSGIGQSSKLPHYLKCNGFNGLHGRSLPVATGISVANHKQKVIIFGGDGDTYGEGGNHLLHAFRRNPNIKLFVHNNAVYGLTKGQASPTTEFGRRTKAQPFGSLSEPLNPIAFAIAMNCSFVARSFSGSPEHLKNIMKMAINHEGFALVDILQICVSFNKVNNFEWYKKRIYEFNADYDLSDKLKAFEKSQEFDERIPLGVFYSNSRPTFEKNIPVIKDKTLVSMQNFPDITSLIC
SPC_149,Thermodesulfobium narugense,Firmicutes_Thermodesulfobium_narugense_DSM14796_AEE14716.1,1.2.7.11,MIGELVKKYLRMDRLPHMWCPGCGHGIALGALLRAFDRVNIDKDKTVIFSGIGCASRVVGYLDFSTVHTTHGRALAFATGLRLVRDDVKVIVIMGDGDALAIGGNHFIHACRRNIDITAIVLNNQIYGMTGGQSSPTTPQSRLSTTTPYGNFARAFDFCNLAIGAGATYVARATAYHASLMTELYANAIKHHGFSFVETFTQCPVNYGRRNKFPDPASMLKYMKDISVPFKVAQNMGSDELQGKIVIGELIKEKEDVELNEVVRERIMKFRGGAQ
SPC_150,Thermodesulfobium narugense,Firmicutes_Thermodesulfobium_narugense_DSM14796_AEE14838.1,2.7.1.40,MLRKTKIICTLGPSTDDPEILYKFVENGMDVARFNFSHGDYEDHFRRIQMVREASKKLKKEVALMLDTKGPEIRVGKFKSGSVQLRKGQKFTLTAEEIEGNEGIVSVTYPDLVKKVKKNNVIVLSDGLISLLVDGADDKNIYTTVMNNGILKDHKRVAVPGIFLDMNFLSEKDINDIKFGIENEMDFIAASFVQNASNILEIRRVLEENDSNMDIIAKIENRFGIENIDEILKVADGIMVARGDMGIEIPNEDVPLIQKELIKKANKVGKPVITATQMLESMINNPHPTRAEASDVANAILDGTDAVMLSGETAAGNYPLEAMEMMTRIALKTEMSLDYKAIFLSKGLNQKTTTDAISHATVQISHELDAAAIVSITQSGYTAKMVSKYRPNAFIVGVSPDIRMVRKMKLVWGVYPIKCEKTNNIEEMVLEAISKSSASNLIKEGDLIVITAGVPLGTTGTTNMIRVHLVGNIILRGIGVGHSSYTGTVCVASTLKDFKEKMKAGCIVVAKSIDEELAKYTTEAGALIVEEGGLTSNAVILGINFGIPVVIGVEGAVELLKDGLVVTVDAEKGLIYQGEINVR
SPC_151,Thermodesulfobium narugense,Firmicutes_Thermodesulfobium_narugense_DSM14796_AEE14892.1,4.2.1.11,MQQGIASIKAREILDSRGNPTIEVDCLLECGITARAGVPSGASTGSKEAIELRDNDKNRFFGKGVLKAVNNVNEIIAPKLIGLDVTKQRQIDSIMIELDGTPNKAKLGANAILGVSLAVARAASYFSDLPLYQYLGGPNANLLPVPCMNIMNGGVHANWQGADFQEFMIAPYGANSFKEAYEWCSEIYQALKGLLKEKGYSVGVGDEGGFAPLVKSNEEPFELMSKAIENAGLKVGEQVGFALDPASSEFYKEGKYILRREKKELEPAKMVKYYEKIVNNFPLVLLEDGLAEYDWDSWKILNKTLGDKIELVGDDIFVTNLEIVKRGISENIANSVLIKLNQIGTLSETLDTVRYAQNSKWGTFVSHRSGETTDSFIADLTVAISAGHLKTGAPARGERVEKYNQLVRIEEELGKYAKYAGKSAFIRPIKF
SPC_152,Thermodesulfobium narugense,Firmicutes_Thermodesulfobium_narugense_DSM14796_AEE15237.1,1.2.1.59,MRVAVNGFGRIGRLFVRLAFSLPDIEIVAINSSRKIPQLAHLLQYDSTYRTWSKEVSFDDDNLIIEGKKIKILEERKDTTKLPWKELDIDLVIESTGELTKRELAENHITAGAKKVLITAPGKDVDAFIVVGVNDQILDLNNHKIISAASCTTNCLAPAVKVLFDKFGIVSGFMTTVHAYTMDQRLLDGTHKKDFRRARSAAINIVPTSTGAAKSIGKVIPELNGKMDGVALRVPVPTGSMVDLSVILEKQPSIEEIKSAYKEAESCEPLKGILKYTETPLVSSDYIGTFYSSIIDGLMLNKTGDIYKIYAWYDNEHGYACRVVDLAKKLIPAFK
SPC_153,Thermodesulfobium narugense,Firmicutes_Thermodesulfobium_narugense_DSM14796_AEE15238.1,2.7.2.3,MEFNKKLLIDFPVYQLEGKRVFVRADLNDPADSEGNLTGDMRIRAVLPTIGYLVNARAKVILASHFGRPKNREKEFSLRGVKKRLEELSSFRIHLAPDCQGEDVVKLSKELKNGEVLLLENLRFCPGETKNDPEYARFLASLGDIYVAEAFGACHREHASISSVPKLIPSMAGFLLAKEINTLNKLLHNPEQPLVVVAGGKKVSDKIKVIGNLIDKVDSICVGGGMSFAFLKAKGYEIGRSYVEDNMDAVAKEILGNNGKKILLPVDVMVAKELRPASESKVVNVDEIPPDWYGVDIGPKTIEMFKAQISKAKTIFWNGPLGIVEIPDFSYGTRIVGLYIALSSAITVSGGGDTAEVVRMMNLDQHFTHVSTGGGAALKFLEGADLPGISVLPERS
SPC_154,Thermodesulfobium narugense,Firmicutes_Thermodesulfobium_narugense_DSM14796_AEE15239.1,5.3.1.1,MNYAIANFKMNKTSDEVDEYICELRQNLKNSVKTVICPSFVSLERAVKASFGSLIEIGAQNLFFEEKGAFTGEISIGMLESVGVKYAIIGHSERRHYFKESDDLLFKKVKAAANRLKVIYCFGETEEERDAGKSLEVTLNQLNLVKSFFENIILAYEPVWAIGTGKTANAEGSFALIKELESKLGALPDCLYGGSVNHKNAKSFIDAGFKGVLVGSASLDVKEFSKIIENMS
SPC_155,Thermotoga neapolitana,Zhurongbacteria_Thermotogae_Thermotoga_neapolitana_DSM4359_ACM22440.1,1.2.7.11,MKTNRLISYLRPGRWPSVWCPGCGNGIVLRAFLEAVDALSLPKEKVAVVSGIGCSSRATGYLDFNTLHTLHGRAIAFATGVKLAKPDFEVVVMGGDGDIVSIGGNHFIHACRRNIDITVIVFNNMIYGMTGGQVSSTTPIYHQTSTTPMGSFVEPLDVVELALSAGATFVARSTVYHYDHLVEILKRALRHRGISVVDVLTNCHTYFGRYNGMPEPYQMMEYFKNNTCFLERPQEGKIKIGVFRDEEKEDFLTVYRRLTRREGAME
SPC_156,Thermotoga neapolitana,Zhurongbacteria_Thermotogae_Thermotoga_neapolitana_DSM4359_ACM22653.1,2.7.1.40,MKKVVRSTKIVCTVGPRTDSYEMIEKMIDLGVNVFRINTSHGDWNEQEQKILKIKDLREKKKKPVAIMIDLAGPKIRTGYFEKEFVELKEGQIFTLTTKEILGNEKIVSVNLSTLPKDVKKGDTILLSDGEIVLEVLETTDTDVKTVVKVGGKITHRRGVNVPTADLSVESITDRDREFIRLGTLHDVEFFALSFVRKPEDVLKAKEEIRKHGKDVPIISKIETRKALERLEDIIKVSDAVMVARGDLGVEIPIEEVPIVQKEIVKISKYYSKPVVVATQILESMIEHPYPTRAEVTDIANAIFDGADALLLTAETAVGKYPLEAIKVLSKVAEEVEKKSEFFRTLEYDTNDISEAISHACWQLSSSLKAKLIITPTISGSTAIRISKYNVSQPIVALTPEEKTYYRLSIVRKVIPVLAERCSQELEFIEKGLKKVEEMGLVEKGDLVVLTSGVPGKVGTTNTIRVLKVE
SPC_157,Thermotoga neapolitana,Zhurongbacteria_Thermotogae_Thermotoga_neapolitana_DSM4359_ACM23125.1,1.2.7.11,MKVIFERPKSLNDKEFTYCPGCHHGIIHRLIAEVIDELNIQDRTIMVAPVGCSVFAYEFFEVDGTVAPHGRALAVATGIKRALPDRMVFTYQGDGDLASIGIAETIHAANRGEKLTTIFVNNAVYGMTGGQMAPTTLLGQKTTTSPRGRNAENEGFPLHVSELLSTIPGVAYLERTTVSSPRDILNTKKAIRKAFLAQLKGLGFGLVEVLSTCPTNWKMTPVEAQEWLLSNMVKEFPPKIFVDRVGD
SPC_158,Thermotoga neapolitana,Zhurongbacteria_Thermotogae_Thermotoga_neapolitana_DSM4359_ACM23140.1,5.4.2.12,MLDKQKFVSKLVTTNDTKIVLLVMDGLGDIPVNGKTPLQAASTPNLDSLAKESDLGQTVPVLPGITPGSGPGHLSLFGYDPIKYQIGRGILEALGIGVEVGEKDVVARANFATWDGNVVLDRRAGRPATEESAKVVQLLSEKIKKIEDVEITFYPGKEHRFVVKFTGEGLGDRVTDADPQKEGHPMVWAEGLDEPSKKTARIANELIRKIAEVLKDNPKINFALIRGFSKYPDLPKFPEIYKLRAGAIATYPMYRGLAKLVGMEIIETGQTVEDEINTLKEKWNDFDFFYVHVKKTDSYGEDGKFDEKVKVIEEVDRVIPEILALKPDVLVITGDHSTPVPLKAHSWHPVPLLIWSRYTRRGLSQAFNEFECARGTLGTIHASDVMTLALAYAGRLEKFGA
SPC_159,Thermotoga neapolitana,Zhurongbacteria_Thermotogae_Thermotoga_neapolitana_DSM4359_ACM23586.1,1.2.7.11,MRLDEYISRDIAWCPGCGNFGIRTALMKALEELNVDPRKVVIVSGIGQAAKMPQYVGVHMFNGLHGRALPVATAIKTANPDLLVIAESGDGCMYGEGGNHFIHTIRRNPDIVNIVHNNQVYGLTKGQASPTSLKGFRTPVQVDGVILEPFNPIAVAIALDASFVARTFIGDVEFTKEILKEAMKHKGYALVDILQPCVTFNKLNTYEWYRENTYYLKDHDPTDRELAFKRATETEKLPLGIFYVNKNKETFEELARKGDRTPLYEYEVNFEKLKELIESKKS
SPC_160,Thermotoga neapolitana,Zhurongbacteria_Thermotogae_Thermotoga_neapolitana_DSM4359_ACM23874.1,4.2.1.11,MEIVYVEIVDVRAREVLDSRGNPTVEAEVVLEDGTVGRAIVPSGASTGKFEALEIRDKDKKRYHGKGVLKAVENVNETIAPALIGMNAFDQPLVDKTLIELDGTENKSKLGANAILAVSMAVARAAANYLGLPMYKYLGGVNAKVLPVPLMNVINGGQHADNNLDLQEFMIVPAGFDSFKEALRAGAEIFHTLKKILHDSGHVTAVGDEGGFAPNLSSNEEAIKILIEAIEEAGYKPSEQVFIALDCAASSFYDEEKGVYFVDGEEKSSEVLMGYYEELIAKYPIISIEDPFAEEDWDAFVEFTKRVGNKVQIVGDDLYVTNVKRLSKGIELKATNSILIKLNQIGTVTETLDAVELAQKNNMTAIISHRSGESEDTFIADLAVATNAGFIKTGSLSRSERIAKYNQLLRIEEELGKVAEFRGLSSFYSIKR
SPC_161,Thermotoga neapolitana,Zhurongbacteria_Thermotogae_Thermotoga_neapolitana_DSM4359_ACM24072.1,5.3.1.1,MILAGNWKMHKTISEAKKFVSLLLNELHDVKEFETVVCPPFTALSEVGEILSGRNIKLGAQNVFYEDQGAFTGEVSPVMLKEIGVEYVIVGHSERRRIFKEDDELINRKIRAVLEKGMTPIFCVGETLEEREKGLTFCVVEKQVREGLYGLSREEAQKVVIAYEPVWAIGTGKVATPQQAQEVHAFIRRLLSEMYDDETAETIRILYGGSIKPDNFLGLIVQKDIDGGLVGGASLKESFVELARIMKGVIS
SPC_162,Thermotoga neapolitana,Zhurongbacteria_Thermotogae_Thermotoga_neapolitana_DSM4359_ACM24073.1,2.7.2.3,MIMEKMTVRDVDLKGKRVIMRVDFNVPVKDGVVQDDTRIKAALPTIKYVLDQGAKVILLSHLGRPKGQPSPEFSLEPVAKRLSELLGKEVKFVPAVVGDEVKKAVEELKEGEVLLLENTRFHPGETKNDPELAKFWASLADIHVNDAFGTAHRAHASNVGIAQFIPSVAGFLMEKEIKFLSKVTYNPEKPYVVVLGGAKVSDKIGVITNLMEKADRILIGGAMMFTFLKALGKQIGSSKYEEDKLDLAKELLDKAKEKGVEIVLPVDAVIAQKIEPGVEKKVVRIDDGIPEGWMGLDIGPETVELFKQKLSDAKTVVWNGPMGVFEIDDFAEGTKQIALAIASLTEKGAITVVGGGDSAAAVNKFGLEDKFSHVSTGGGASLEFLEGKELPGIASIADKKKQGVD
SPC_163,Thermotoga neapolitana,Zhurongbacteria_Thermotogae_Thermotoga_neapolitana_DSM4359_ACM24074.1,1.2.1.59,MARVAINGFGRIGRLVYRIIYERKNPDIEVVAINDLTDTKTLAHLLKYDSVHKKFPGKVEYTDNSLIIDGKEIKVFAEPDPSKLPWKDLGVDFVIESTGVFRNREKAELHLQAGAKKVIITAPAKGEDITVVIGCNEDQLKPEHKIISCASCTTNSIAPIVKVLHEKFGIVSGMLTTVHSYTNDQRVLDLPHKDLRRARAAAVNIIPTTTGAAKAVALVVPEVKGKLDGMAIRVPTPDGSITDLTVLVEKETTIEEVNAVMKEATEGRLKGIIGYNEDPIVSSDIIGTTFSGIFDATLTNVIGGKLVKVASWYDNEYGYSNRVVDTLELLLKM
SPC_164,A501,A501_1620,1.2.1.59,MAKVKVGINGYGTIGKRVAYAVTKQDDMKLVGVTKTKPDFEAYRARELGIPVYAASEEFLPRFENVGFEVAGTLNDLLNEVDIIVDATPGGMGEKNKPLYEKAGVKAIFQGGEKASVAEVSFVAQANYENALGKDYVRVVSCNTTGLTRTLSAIQDYIDYVYAVMIRRAADPNDSKRGPVNAITPSVTVPSHHGPDVQTVIPINIETSAFVVPTTLMHVHSIMVELKKPVEAKDVVDIFENTTRVLLFEKEKGFESTAQLIEFARNLHREWNNLYEIAVWKESISVRGNRLFYIQAVHQESDVVPENIDAIRAMFELADKWESIKKTNKSLGILK
SPC_165,A501,A501_625,5.3.1.1,MAKLKEPIIAINFKTYIEATGKRALEIAKAAEKVWKETGITIVVAPQLADLRMIAESVEIPVFAQHIDPIKPGSHTGHVLPEAVKEAGAVGTLLNHSENRMILADLEAAIRRAEEVGLMTMVCSNNPAVSAAVAALGPDYVAVEPPELIGTGIPVSKAKPEVITDTVELVKKVNPEVKVLTGAGISSGEDVKKALELGSVGVLLASGVTKAKDPEKAIRDLVSLIV
SPC_166,3DAC,3DAC_899,1.2.1.59,MVRVAINGFGRIGRQVFKVLFEKYRDQVEVVAVNDLTDVKTLAHLLKYDSNYGKFEADIRTEGDYILVDDVKIKVLAEPDPAKLPWKDLNIDIVVESTGRFRERDKAAKHLEAGAKKVIISAPAKGEDITIVLGVNHEKYDPEKHHIISNASCTTNCLAPVAKVLQDSFGIKRGLMTTVHSYTNDQRILDLPHKDLRRARAAAINIIPTTTGAAAAIGKVIPELNGKLDGMAMRVPTSTVSIVDLTVELEKPATAEEINAAMKKAAEGELKGILGYSEEPLVSSDYKGDPRSSIFDALETRVIDGNFVKVLSWYDNEWGYSNRVADLIVYIASKGL
SPC_167,3DAC,3DAC_900,5.3.1.1,MRKTIVAGNWKMNGSTLMTKKIIIGTMARLWDVDFNENLEVVFIPPFIYIPIASDLVKDSRYEIGAQNMYFEDKGAFTGEIAPDMLKDFDVKYVVLGHSERRHIFGESNEMIAKKVKKAVEKELVPILCVGETLEEREEGKTWDVIREQLETALSQFDTLPEIVIAYEPVWAIGTGKAATKEDAEEVISKIRSWIKEKFGTDEVSILYGGSVKPANVENFASSQEIDGALVGGASLKPEDFAIIVKTFVGRG
SPC_168,A501,A501_162,5.4.2.12,MKQRKGLLIILDGLGDRPIKEFGGKTPLEYANTPNMDRLAKLGILGQQDPIKPGQPAGSDTAHLSIFGYDPYKVYRGRGFLEALGVGLDLDEDDLAFRVNFATIENGIIVDRRAGRISTEEAHELAKAIQENVKLPVDFIFVGATGHRAVLVLKGMAKGYRVGENDPHEAGKPPHRFDYQDEESRKVAEILEEFVRQAHEVLEKHPVNEKRRKEGKPVANYLLIRGAGTYPDIPMKFTEQWKVRAGAVIAVSLVKGVARAIGFDVYTPEGATGEYNTDEMAKAKKTVELLKEYDFVFLHFKPTDAAGHDNNPKLKAEMIEKADRMIGYIIEHINLEDVVIAITGDHSTPCEVMNHSGDPVPLLIAGGGVRPDHTESFGERECMRGGLGRIRGHDIVPIMMDLMNRSEKFGA
SPC_169,A501,A501_76,4.2.1.11,MENPFEITGVVAREILDSRGNPTVEVEVYTPASMGRAAVPSGASTGTHEALELRDGGSRYHGKGVKRAVENVNKIIAPEIIGMDVTWQRDIDMLMLELDGTENKSNLGANAILGVSLAVAKAAANALGLPLYQYIGGTNAYVMPVPMSNVINGGVHAGNELDFQEFMIMPVGASSFREAIRWVSETYHVLKKVIAERYGKNAVNVGDEGGFAPPMKEVTEPLDVLIKAIEEAGYKPGDEIAFALDAASSEFFHPDKDKYVVSGKEYDRGELLELYRELVSAYPIVSIEDPFQEEDWEGFVMITKELGRKVQIVGDDLFVTNPRRIRKGIEMGAANALLLKVNQIGTLSEAIDAAYTAFRAGYGVVVSHRSGETEDSTIADLAVALNAGQIKTGAPARSDRNAKYNQLIRIEEELEGIAVYPGKKFRNPFL
SPC_170,A501,A501_229,2.7.1.40,MRLPGQKTKIIATLGPASLKEKTVSAMVRAGMSVARLNFAHGDLKQHEKAVKLVRKVSEKLDRPIAILGDLPGVKIRVGEIEGGSVNLRRWQTVTLTTRNVTGNESVIPVQFKDFPKLVSKGDIIYLSDGFIALRVEEVRDQDVICKVLVGGTLFSHKGINIPKARLAIDAVTKKDLEFIEFSLEAGIDAVGISFVGSAYDVLKVRRFVDSHNGNLFLVAKIERPDAVRNFDEILNAADGVMIARGDLGVEMPIEKLPILQKKLVKRANCAGKPVITATQMLESMTHEKLPTRAEVTDVANAILDGTDAVMLSEETAVGKYPVEAVKMMAKIARTTEAYLDSMWASRTVEWKMNELKGRGPAKGTIKDAIARSIIEALNSLDIKYILTPTRTGQTARLIARFKPRQWILAFVTNEWVANTLMFSYGVYPFKVEETSEEEIIRVITGLGLVKEGDTVLLTKGTPIGKTVGTNTIRIFNV
SPC_171,A501,A501_296,1.2.7.11,MYMKSAYEIRDKYLRKDMLPTIFCPGCGIGSVLQFTLRAIDDLGLNQDEIVWVSGIGCSSRVPGFVNFDGLHTTHGRALAFATGIKLANPNLKIIAFMGDGDAAAIGGNHFIHAIRRNLDVTVILINNFTYGMTGGQVAPTALKGLRGTTAPYGQFENPFDIAGLAVAAGANYVARWTVFNYLQGINSIKKALSKEGFTLVEFLSPCPISFGRRNRMKTSPELIRWYQKITVPLAKAKKMKPEELEGKIVIGEFADRDRPGLVREYREYIKRAKKMMGWEE
SPC_172,3DAC,3DAC_137,2.7.2.3,MIAMELHKLDEVKVKGKRVLVRVDFNVPLTSDGEVADDTRINAAIPTITHLMKNGAKIILVSHLGRPKGQRKPELSLVPVAKRLANILRKEVLFVPDVIGEEVEMAVSSLEEGDVLMLENVRFYPEEEKNDPEFARKLASLGDIFVSDAFSVAHRAHASNVGVAQYLKAYAGFLMIKEIENLGMLLDPSDELRPYYVIMGGAKVSDKIGVIDNILDKVDGLFIGGGMVFTFLKAKGYEIGRSLLEEDYIEYAKEVMKKAEETGKKIVLPTDIVVADSIDADTGEVVPVDAIPADKMGLDIGPESIELFKKELADGKLVFWNGPMGVFEKDAFAEGTKAIAEYLAQKCEKGEMKVVLGGGDSAAAAHKFGVADKYTHVSTGGGASLKFLEGKTLPGIQVLYW
SPC_173,3DAC,3DAC_127,5.4.2.12,MSKKILFVILDGVGDRVLNGRTPLEVAVKPNMDFIAKNGVQGIVDVISPGVIPGSDTAHLSLMGYDPYKSYTGRGPLEAMGAGIEVKPGDIGFRVNFATVDENWIIKDRRAGRIKDARPLAEALDGMEIDGVKIILKATVEHRGALVLRGEGLSDKITDADPHEVGKPVLEVKPLDDTPEAKRTAEIVNKFIRKSYEILKDHPLNKEREKQGLPPANIVLPRGPGKVPHLQSFEDKWGIKGIFIAGVALLKGLGRFAGLPAPDLEGATGGYDTNPMVKIERALKFLYEEDGDIAFINFKATDVAGHDMNFEKKVEMIEKADKMFEMVLDKKDLVIAITGDHSTPVTKGDHSGDPVPLVLYAPNIRTDGTLHFSEREAAMGGLGRIRGFDIMPMLMDLSDKAHKFGA
SPC_174,3DAC,3DAC_150,4.2.1.11,MILFKADLAIVDVRGREVIDSRGNPTVEAEVVLEDGTIGVGIVPSGASTGKNEALELRDGDERFGGKGVLRAVRHINEDIAEHIIGMNVFNQRAIDLAMLELDGTKQKSKLGANAILAVSLAVAHAAANALGIPLYKYLGGVNAFVLPVPFMNVINGGKHADNNLDMQEFMIVPAGAPSFREALRWGVEVYQSLKSLLKSKGLSVAVGDEGGFAPNLETHEEALDLLVEAIEKAGYRPGEDVFLAMDPAASEFYKDGIYTVGGEKLTARDLVGLYKEFVDKYPIISIEDGMAEDDLEGWKILTEELGWKIQLVGDDIFVTNKDIFYEKGISQDIANAILIKVNQIGSLTETLDVMHMAKRNGYKAQVSHRSGETEDTTIAHLAVATGCGQIKTGAPARSERVAKYNELLRIEEDLGEGAVFLGLKGILGDK
SPC_175,3DAC,3DAC_101,2.7.1.40,MFGRKAKIVVTMGPALETEEKIKEAILAGADAFRLNFSHGSHEEHYKRFTLVRKVSEELGEYIPVIQDIQGPKIRIKEIEGGQCELKDGDTVVLSSKGDVGDCHILYVDYPYLENDLKPGASVFIDDGKIKLRVTQNTKEGVVCEVVAGGIVKPHKGVNIVGVNLTIPSVTEKDKKDVLFGIKMGVDYIAQSFVRSPDDVMDLRNFLVLNGGKNIGIIAKIEKYEAVENLESIILVADAVLIARGDLGVEVPIEEVPVIQKKIIKMARKYAKPVITATQMLESMISSPMPTRAEATDVANAIFDGTDAVMLSAETSVGKYPIETIKTMSRIIKRAEKALKNGEVPYYEKIMPMAGFTDAIGLATCELANTTSAKAIITSTESGRTAKLVAKYKPQAYIVAASPREETLRKLGIVWGTYPLYIPPFSSVDALLSSIIDEAGAKGYLESGDVAVITAGDFVGVEGTTNLIKIATYTPVIARGIGIGSGFIVGRITRGETDGEVLVVDDIASIEQVDGHVKVILVKKKDFGVSANIPAGMPMVIGVGDAIDTLKDGDLVSVDVYRGIVYGGQIIRTG
SPC_176,3DAC,3DAC_149,1.2.7.11,MVKKPLPYTYTEEKWIRDRYLPHQWCPGCGIGTILKAVIDAMDDLGWEPEDVAFVSGIGCTGRSSGYVNAHTFHTIHGRAIPVATGIKLSHPELHVVTMLGDGDGIAIGGNHFIHAAKRNIGITAIIVDNSIYGMTGGQVSPTTPENMKSTTSIYGALEPPMDPISLALGAGATFVARAATWNPVHMRQIVKKALEHDGFAVVDIKSQCPTYFGRYNGISDPVELLNWYKEHTYIMKDPSDIREGKLPLGIFRDNKSKVELSKKYRQLFEHLRKEGENNG
SPC_177,A501,A501_276,2.7.2.3,MFRLTDFNFHGKTVFLRADLNSPVEDGRITSDARFRAVLPTVRHLVEDGAKVVVGTHQSRPYKGDYITTEQHAQILGELLGQEVEYVEDIFGKLARDRIKSLEPGEVLMLENLRFSAEEVFYKPLEECEKTFFVRKLAPVIDYVVNDAFAAAHRSQPSLVGFARLKPMVMGYLMENEVTALSSAYESDERPRVYVLGGSKVDDSLRVAENVLKKGKTDLILTGGLVGQVFTLAKGFNLGDANIEFMGRKGLLDLVDWAEKILDEFYPYVRTPVDFAVDRDGKRMEVDLLSDEKWLFDRYPILDIGSRTVEKYREILLGAKIIVANGPMGVFEREEFAVGTVGVFRAIGESPAFSVVGGGHSIASIYRYGITGISHVSTGGGAMLSFFAGEKLPVLEAFRISYETFKDRVKEEKAQ
